[    1270ms] [INFO] %cDownload the React DevTools for a better development experience: https://reactjs.org/link/react-devtools font-weight:bold @ webpack-internal:///(app-pages-browser)/./node_modules/next/dist/compiled/react-dom/cjs/react-dom.development.js:38559
[    2471ms] [LOG] APS: 63 | FPS: 63 @ webpack-internal:///(app-pages-browser)/./src/engine/core/MainLoop/mainLoop.ts:36
[    2472ms] [LOG] APS: 62 | FPS: 62 @ webpack-internal:///(app-pages-browser)/./src/engine/core/MainLoop/mainLoop.ts:36
[    3472ms] [LOG] APS: 60 | FPS: 60 @ webpack-internal:///(app-pages-browser)/./src/engine/core/MainLoop/mainLoop.ts:36
[    3473ms] [LOG] APS: 60 | FPS: 60 @ webpack-internal:///(app-pages-browser)/./src/engine/core/MainLoop/mainLoop.ts:36
[    4471ms] [LOG] APS: 60 | FPS: 60 @ webpack-internal:///(app-pages-browser)/./src/engine/core/MainLoop/mainLoop.ts:36
[    4472ms] [LOG] APS: 60 | FPS: 60 @ webpack-internal:///(app-pages-browser)/./src/engine/core/MainLoop/mainLoop.ts:36
[    5471ms] [LOG] APS: 60 | FPS: 60 @ webpack-internal:///(app-pages-browser)/./src/engine/core/MainLoop/mainLoop.ts:36
[    5472ms] [LOG] APS: 60 | FPS: 60 @ webpack-internal:///(app-pages-browser)/./src/engine/core/MainLoop/mainLoop.ts:36
[    6471ms] [LOG] APS: 60 | FPS: 60 @ webpack-internal:///(app-pages-browser)/./src/engine/core/MainLoop/mainLoop.ts:36
[    6472ms] [LOG] APS: 60 | FPS: 60 @ webpack-internal:///(app-pages-browser)/./src/engine/core/MainLoop/mainLoop.ts:36
[    7471ms] [LOG] APS: 60 | FPS: 60 @ webpack-internal:///(app-pages-browser)/./src/engine/core/MainLoop/mainLoop.ts:36
[    7472ms] [LOG] APS: 60 | FPS: 60 @ webpack-internal:///(app-pages-browser)/./src/engine/core/MainLoop/mainLoop.ts:36
[    8471ms] [LOG] APS: 60 | FPS: 60 @ webpack-internal:///(app-pages-browser)/./src/engine/core/MainLoop/mainLoop.ts:36
[    8472ms] [LOG] APS: 60 | FPS: 60 @ webpack-internal:///(app-pages-browser)/./src/engine/core/MainLoop/mainLoop.ts:36
[    9471ms] [LOG] APS: 60 | FPS: 60 @ webpack-internal:///(app-pages-browser)/./src/engine/core/MainLoop/mainLoop.ts:36
[    9472ms] [LOG] APS: 60 | FPS: 60 @ webpack-internal:///(app-pages-browser)/./src/engine/core/MainLoop/mainLoop.ts:36
[   10471ms] [LOG] APS: 60 | FPS: 60 @ webpack-internal:///(app-pages-browser)/./src/engine/core/MainLoop/mainLoop.ts:36
[   10472ms] [LOG] APS: 60 | FPS: 60 @ webpack-internal:///(app-pages-browser)/./src/engine/core/MainLoop/mainLoop.ts:36
[   11471ms] [LOG] APS: 60 | FPS: 60 @ webpack-internal:///(app-pages-browser)/./src/engine/core/MainLoop/mainLoop.ts:36
[   11472ms] [LOG] APS: 60 | FPS: 60 @ webpack-internal:///(app-pages-browser)/./src/engine/core/MainLoop/mainLoop.ts:36
[   12471ms] [LOG] APS: 60 | FPS: 60 @ webpack-internal:///(app-pages-browser)/./src/engine/core/MainLoop/mainLoop.ts:36
[   12471ms] [LOG] APS: 60 | FPS: 60 @ webpack-internal:///(app-pages-browser)/./src/engine/core/MainLoop/mainLoop.ts:36
[   13470ms] [LOG] APS: 60 | FPS: 60 @ webpack-internal:///(app-pages-browser)/./src/engine/core/MainLoop/mainLoop.ts:36
[   13471ms] [LOG] APS: 60 | FPS: 60 @ webpack-internal:///(app-pages-browser)/./src/engine/core/MainLoop/mainLoop.ts:36
[   14470ms] [LOG] APS: 60 | FPS: 60 @ webpack-internal:///(app-pages-browser)/./src/engine/core/MainLoop/mainLoop.ts:36
[   14471ms] [LOG] APS: 60 | FPS: 60 @ webpack-internal:///(app-pages-browser)/./src/engine/core/MainLoop/mainLoop.ts:36
[   15470ms] [LOG] APS: 60 | FPS: 60 @ webpack-internal:///(app-pages-browser)/./src/engine/core/MainLoop/mainLoop.ts:36
[   15471ms] [LOG] APS: 60 | FPS: 60 @ webpack-internal:///(app-pages-browser)/./src/engine/core/MainLoop/mainLoop.ts:36
[   16470ms] [LOG] APS: 60 | FPS: 60 @ webpack-internal:///(app-pages-browser)/./src/engine/core/MainLoop/mainLoop.ts:36
[   16471ms] [LOG] APS: 60 | FPS: 60 @ webpack-internal:///(app-pages-browser)/./src/engine/core/MainLoop/mainLoop.ts:36
[   17469ms] [LOG] APS: 60 | FPS: 60 @ webpack-internal:///(app-pages-browser)/./src/engine/core/MainLoop/mainLoop.ts:36
[   17470ms] [LOG] APS: 60 | FPS: 60 @ webpack-internal:///(app-pages-browser)/./src/engine/core/MainLoop/mainLoop.ts:36
[   18470ms] [LOG] APS: 60 | FPS: 60 @ webpack-internal:///(app-pages-browser)/./src/engine/core/MainLoop/mainLoop.ts:36
[   18471ms] [LOG] APS: 60 | FPS: 60 @ webpack-internal:///(app-pages-browser)/./src/engine/core/MainLoop/mainLoop.ts:36
[   19470ms] [LOG] APS: 60 | FPS: 60 @ webpack-internal:///(app-pages-browser)/./src/engine/core/MainLoop/mainLoop.ts:36
[   19471ms] [LOG] APS: 60 | FPS: 60 @ webpack-internal:///(app-pages-browser)/./src/engine/core/MainLoop/mainLoop.ts:36
[   20470ms] [LOG] APS: 60 | FPS: 60 @ webpack-internal:///(app-pages-browser)/./src/engine/core/MainLoop/mainLoop.ts:36
[   20471ms] [LOG] APS: 60 | FPS: 60 @ webpack-internal:///(app-pages-browser)/./src/engine/core/MainLoop/mainLoop.ts:36
[   21470ms] [LOG] APS: 60 | FPS: 60 @ webpack-internal:///(app-pages-browser)/./src/engine/core/MainLoop/mainLoop.ts:36
[   21471ms] [LOG] APS: 60 | FPS: 60 @ webpack-internal:///(app-pages-browser)/./src/engine/core/MainLoop/mainLoop.ts:36
[   22470ms] [LOG] APS: 60 | FPS: 60 @ webpack-internal:///(app-pages-browser)/./src/engine/core/MainLoop/mainLoop.ts:36
[   22471ms] [LOG] APS: 60 | FPS: 60 @ webpack-internal:///(app-pages-browser)/./src/engine/core/MainLoop/mainLoop.ts:36
[   23470ms] [LOG] APS: 60 | FPS: 60 @ webpack-internal:///(app-pages-browser)/./src/engine/core/MainLoop/mainLoop.ts:36
[   23471ms] [LOG] APS: 60 | FPS: 60 @ webpack-internal:///(app-pages-browser)/./src/engine/core/MainLoop/mainLoop.ts:36
[   24470ms] [LOG] APS: 60 | FPS: 60 @ webpack-internal:///(app-pages-browser)/./src/engine/core/MainLoop/mainLoop.ts:36
[   24471ms] [LOG] APS: 60 | FPS: 60 @ webpack-internal:///(app-pages-browser)/./src/engine/core/MainLoop/mainLoop.ts:36
[   25470ms] [LOG] APS: 60 | FPS: 60 @ webpack-internal:///(app-pages-browser)/./src/engine/core/MainLoop/mainLoop.ts:36
[   25471ms] [LOG] APS: 60 | FPS: 60 @ webpack-internal:///(app-pages-browser)/./src/engine/core/MainLoop/mainLoop.ts:36
[   26469ms] [LOG] APS: 60 | FPS: 60 @ webpack-internal:///(app-pages-browser)/./src/engine/core/MainLoop/mainLoop.ts:36
[   26470ms] [LOG] APS: 60 | FPS: 60 @ webpack-internal:///(app-pages-browser)/./src/engine/core/MainLoop/mainLoop.ts:36
[   27470ms] [LOG] APS: 60 | FPS: 60 @ webpack-internal:///(app-pages-browser)/./src/engine/core/MainLoop/mainLoop.ts:36
[   27471ms] [LOG] APS: 60 | FPS: 60 @ webpack-internal:///(app-pages-browser)/./src/engine/core/MainLoop/mainLoop.ts:36
[   28470ms] [LOG] APS: 60 | FPS: 60 @ webpack-internal:///(app-pages-browser)/./src/engine/core/MainLoop/mainLoop.ts:36
[   28471ms] [LOG] APS: 60 | FPS: 60 @ webpack-internal:///(app-pages-browser)/./src/engine/core/MainLoop/mainLoop.ts:36
[   29470ms] [LOG] APS: 60 | FPS: 60 @ webpack-internal:///(app-pages-browser)/./src/engine/core/MainLoop/mainLoop.ts:36
[   29471ms] [LOG] APS: 60 | FPS: 60 @ webpack-internal:///(app-pages-browser)/./src/engine/core/MainLoop/mainLoop.ts:36
[   30470ms] [LOG] APS: 60 | FPS: 60 @ webpack-internal:///(app-pages-browser)/./src/engine/core/MainLoop/mainLoop.ts:36
[   30471ms] [LOG] APS: 60 | FPS: 60 @ webpack-internal:///(app-pages-browser)/./src/engine/core/MainLoop/mainLoop.ts:36
[   31470ms] [LOG] APS: 60 | FPS: 60 @ webpack-internal:///(app-pages-browser)/./src/engine/core/MainLoop/mainLoop.ts:36
[   31471ms] [LOG] APS: 60 | FPS: 60 @ webpack-internal:///(app-pages-browser)/./src/engine/core/MainLoop/mainLoop.ts:36
[   32470ms] [LOG] APS: 60 | FPS: 60 @ webpack-internal:///(app-pages-browser)/./src/engine/core/MainLoop/mainLoop.ts:36
[   32471ms] [LOG] APS: 60 | FPS: 60 @ webpack-internal:///(app-pages-browser)/./src/engine/core/MainLoop/mainLoop.ts:36
[   33470ms] [LOG] APS: 60 | FPS: 60 @ webpack-internal:///(app-pages-browser)/./src/engine/core/MainLoop/mainLoop.ts:36
[   33471ms] [LOG] APS: 60 | FPS: 60 @ webpack-internal:///(app-pages-browser)/./src/engine/core/MainLoop/mainLoop.ts:36
[   34470ms] [LOG] APS: 60 | FPS: 60 @ webpack-internal:///(app-pages-browser)/./src/engine/core/MainLoop/mainLoop.ts:36
[   34471ms] [LOG] APS: 60 | FPS: 60 @ webpack-internal:///(app-pages-browser)/./src/engine/core/MainLoop/mainLoop.ts:36
[   35470ms] [LOG] APS: 60 | FPS: 60 @ webpack-internal:///(app-pages-browser)/./src/engine/core/MainLoop/mainLoop.ts:36
[   35471ms] [LOG] APS: 60 | FPS: 60 @ webpack-internal:///(app-pages-browser)/./src/engine/core/MainLoop/mainLoop.ts:36
[   36470ms] [LOG] APS: 60 | FPS: 60 @ webpack-internal:///(app-pages-browser)/./src/engine/core/MainLoop/mainLoop.ts:36
[   36471ms] [LOG] APS: 60 | FPS: 60 @ webpack-internal:///(app-pages-browser)/./src/engine/core/MainLoop/mainLoop.ts:36
[   37469ms] [LOG] APS: 60 | FPS: 60 @ webpack-internal:///(app-pages-browser)/./src/engine/core/MainLoop/mainLoop.ts:36
[   37470ms] [LOG] APS: 60 | FPS: 60 @ webpack-internal:///(app-pages-browser)/./src/engine/core/MainLoop/mainLoop.ts:36
[   38469ms] [LOG] APS: 60 | FPS: 60 @ webpack-internal:///(app-pages-browser)/./src/engine/core/MainLoop/mainLoop.ts:36
[   38470ms] [LOG] APS: 60 | FPS: 60 @ webpack-internal:///(app-pages-browser)/./src/engine/core/MainLoop/mainLoop.ts:36
[   39469ms] [LOG] APS: 60 | FPS: 60 @ webpack-internal:///(app-pages-browser)/./src/engine/core/MainLoop/mainLoop.ts:36
[   39471ms] [LOG] APS: 60 | FPS: 60 @ webpack-internal:///(app-pages-browser)/./src/engine/core/MainLoop/mainLoop.ts:36
[   40469ms] [LOG] APS: 60 | FPS: 60 @ webpack-internal:///(app-pages-browser)/./src/engine/core/MainLoop/mainLoop.ts:36
[   40470ms] [LOG] APS: 60 | FPS: 60 @ webpack-internal:///(app-pages-browser)/./src/engine/core/MainLoop/mainLoop.ts:36
[   41469ms] [LOG] APS: 60 | FPS: 60 @ webpack-internal:///(app-pages-browser)/./src/engine/core/MainLoop/mainLoop.ts:36
[   41470ms] [LOG] APS: 60 | FPS: 60 @ webpack-internal:///(app-pages-browser)/./src/engine/core/MainLoop/mainLoop.ts:36
[   42469ms] [LOG] APS: 60 | FPS: 60 @ webpack-internal:///(app-pages-browser)/./src/engine/core/MainLoop/mainLoop.ts:36
[   42470ms] [LOG] APS: 60 | FPS: 60 @ webpack-internal:///(app-pages-browser)/./src/engine/core/MainLoop/mainLoop.ts:36
[   43469ms] [LOG] APS: 60 | FPS: 60 @ webpack-internal:///(app-pages-browser)/./src/engine/core/MainLoop/mainLoop.ts:36
[   43470ms] [LOG] APS: 60 | FPS: 60 @ webpack-internal:///(app-pages-browser)/./src/engine/core/MainLoop/mainLoop.ts:36
[   44468ms] [LOG] APS: 60 | FPS: 60 @ webpack-internal:///(app-pages-browser)/./src/engine/core/MainLoop/mainLoop.ts:36
[   44469ms] [LOG] APS: 60 | FPS: 60 @ webpack-internal:///(app-pages-browser)/./src/engine/core/MainLoop/mainLoop.ts:36
[   45469ms] [LOG] APS: 60 | FPS: 60 @ webpack-internal:///(app-pages-browser)/./src/engine/core/MainLoop/mainLoop.ts:36
[   45470ms] [LOG] APS: 60 | FPS: 60 @ webpack-internal:///(app-pages-browser)/./src/engine/core/MainLoop/mainLoop.ts:36
[   46469ms] [LOG] APS: 60 | FPS: 60 @ webpack-internal:///(app-pages-browser)/./src/engine/core/MainLoop/mainLoop.ts:36
[   46470ms] [LOG] APS: 60 | FPS: 60 @ webpack-internal:///(app-pages-browser)/./src/engine/core/MainLoop/mainLoop.ts:36
[   47469ms] [LOG] APS: 60 | FPS: 60 @ webpack-internal:///(app-pages-browser)/./src/engine/core/MainLoop/mainLoop.ts:36
[   47470ms] [LOG] APS: 60 | FPS: 60 @ webpack-internal:///(app-pages-browser)/./src/engine/core/MainLoop/mainLoop.ts:36
[   48469ms] [LOG] APS: 60 | FPS: 60 @ webpack-internal:///(app-pages-browser)/./src/engine/core/MainLoop/mainLoop.ts:36
[   48470ms] [LOG] APS: 60 | FPS: 60 @ webpack-internal:///(app-pages-browser)/./src/engine/core/MainLoop/mainLoop.ts:36
[   49469ms] [LOG] APS: 60 | FPS: 60 @ webpack-internal:///(app-pages-browser)/./src/engine/core/MainLoop/mainLoop.ts:36
[   49470ms] [LOG] APS: 60 | FPS: 60 @ webpack-internal:///(app-pages-browser)/./src/engine/core/MainLoop/mainLoop.ts:36
[   50468ms] [LOG] APS: 60 | FPS: 60 @ webpack-internal:///(app-pages-browser)/./src/engine/core/MainLoop/mainLoop.ts:36
[   50469ms] [LOG] APS: 60 | FPS: 60 @ webpack-internal:///(app-pages-browser)/./src/engine/core/MainLoop/mainLoop.ts:36
[   51468ms] [LOG] APS: 60 | FPS: 60 @ webpack-internal:///(app-pages-browser)/./src/engine/core/MainLoop/mainLoop.ts:36
[   51469ms] [LOG] APS: 60 | FPS: 60 @ webpack-internal:///(app-pages-browser)/./src/engine/core/MainLoop/mainLoop.ts:36
[   52469ms] [LOG] APS: 60 | FPS: 60 @ webpack-internal:///(app-pages-browser)/./src/engine/core/MainLoop/mainLoop.ts:36
[   52470ms] [LOG] APS: 60 | FPS: 60 @ webpack-internal:///(app-pages-browser)/./src/engine/core/MainLoop/mainLoop.ts:36
[   53469ms] [LOG] APS: 60 | FPS: 60 @ webpack-internal:///(app-pages-browser)/./src/engine/core/MainLoop/mainLoop.ts:36
[   53470ms] [LOG] APS: 60 | FPS: 60 @ webpack-internal:///(app-pages-browser)/./src/engine/core/MainLoop/mainLoop.ts:36
[   54469ms] [LOG] APS: 60 | FPS: 60 @ webpack-internal:///(app-pages-browser)/./src/engine/core/MainLoop/mainLoop.ts:36
[   54470ms] [LOG] APS: 60 | FPS: 60 @ webpack-internal:///(app-pages-browser)/./src/engine/core/MainLoop/mainLoop.ts:36
[   55469ms] [LOG] APS: 60 | FPS: 60 @ webpack-internal:///(app-pages-browser)/./src/engine/core/MainLoop/mainLoop.ts:36
[   55470ms] [LOG] APS: 60 | FPS: 60 @ webpack-internal:///(app-pages-browser)/./src/engine/core/MainLoop/mainLoop.ts:36
[   56469ms] [LOG] APS: 60 | FPS: 60 @ webpack-internal:///(app-pages-browser)/./src/engine/core/MainLoop/mainLoop.ts:36
[   56470ms] [LOG] APS: 60 | FPS: 60 @ webpack-internal:///(app-pages-browser)/./src/engine/core/MainLoop/mainLoop.ts:36
[   57469ms] [LOG] APS: 60 | FPS: 60 @ webpack-internal:///(app-pages-browser)/./src/engine/core/MainLoop/mainLoop.ts:36
[   57470ms] [LOG] APS: 60 | FPS: 60 @ webpack-internal:///(app-pages-browser)/./src/engine/core/MainLoop/mainLoop.ts:36
[   58469ms] [LOG] APS: 60 | FPS: 60 @ webpack-internal:///(app-pages-browser)/./src/engine/core/MainLoop/mainLoop.ts:36
[   58470ms] [LOG] APS: 60 | FPS: 60 @ webpack-internal:///(app-pages-browser)/./src/engine/core/MainLoop/mainLoop.ts:36
[   59469ms] [LOG] APS: 60 | FPS: 60 @ webpack-internal:///(app-pages-browser)/./src/engine/core/MainLoop/mainLoop.ts:36
[   59470ms] [LOG] APS: 60 | FPS: 60 @ webpack-internal:///(app-pages-browser)/./src/engine/core/MainLoop/mainLoop.ts:36
[   60469ms] [LOG] APS: 60 | FPS: 60 @ webpack-internal:///(app-pages-browser)/./src/engine/core/MainLoop/mainLoop.ts:36
[   60470ms] [LOG] APS: 60 | FPS: 60 @ webpack-internal:///(app-pages-browser)/./src/engine/core/MainLoop/mainLoop.ts:36
[   61468ms] [LOG] APS: 60 | FPS: 60 @ webpack-internal:///(app-pages-browser)/./src/engine/core/MainLoop/mainLoop.ts:36
[   61469ms] [LOG] APS: 60 | FPS: 60 @ webpack-internal:///(app-pages-browser)/./src/engine/core/MainLoop/mainLoop.ts:36
[   62468ms] [LOG] APS: 60 | FPS: 60 @ webpack-internal:///(app-pages-browser)/./src/engine/core/MainLoop/mainLoop.ts:36
[   62469ms] [LOG] APS: 60 | FPS: 60 @ webpack-internal:///(app-pages-browser)/./src/engine/core/MainLoop/mainLoop.ts:36
[   63468ms] [LOG] APS: 60 | FPS: 60 @ webpack-internal:///(app-pages-browser)/./src/engine/core/MainLoop/mainLoop.ts:36
[   63469ms] [LOG] APS: 60 | FPS: 60 @ webpack-internal:///(app-pages-browser)/./src/engine/core/MainLoop/mainLoop.ts:36
[   64468ms] [LOG] APS: 60 | FPS: 60 @ webpack-internal:///(app-pages-browser)/./src/engine/core/MainLoop/mainLoop.ts:36
[   64469ms] [LOG] APS: 60 | FPS: 60 @ webpack-internal:///(app-pages-browser)/./src/engine/core/MainLoop/mainLoop.ts:36
[   65468ms] [LOG] APS: 60 | FPS: 60 @ webpack-internal:///(app-pages-browser)/./src/engine/core/MainLoop/mainLoop.ts:36
[   65469ms] [LOG] APS: 60 | FPS: 60 @ webpack-internal:///(app-pages-browser)/./src/engine/core/MainLoop/mainLoop.ts:36
[   66468ms] [LOG] APS: 60 | FPS: 60 @ webpack-internal:///(app-pages-browser)/./src/engine/core/MainLoop/mainLoop.ts:36
[   66469ms] [LOG] APS: 60 | FPS: 60 @ webpack-internal:///(app-pages-browser)/./src/engine/core/MainLoop/mainLoop.ts:36
[   67468ms] [LOG] APS: 60 | FPS: 60 @ webpack-internal:///(app-pages-browser)/./src/engine/core/MainLoop/mainLoop.ts:36
[   67469ms] [LOG] APS: 60 | FPS: 60 @ webpack-internal:///(app-pages-browser)/./src/engine/core/MainLoop/mainLoop.ts:36
[   68467ms] [LOG] APS: 60 | FPS: 60 @ webpack-internal:///(app-pages-browser)/./src/engine/core/MainLoop/mainLoop.ts:36
[   68468ms] [LOG] APS: 60 | FPS: 60 @ webpack-internal:///(app-pages-browser)/./src/engine/core/MainLoop/mainLoop.ts:36
[   69468ms] [LOG] APS: 60 | FPS: 60 @ webpack-internal:///(app-pages-browser)/./src/engine/core/MainLoop/mainLoop.ts:36
[   69469ms] [LOG] APS: 60 | FPS: 60 @ webpack-internal:///(app-pages-browser)/./src/engine/core/MainLoop/mainLoop.ts:36
[   70468ms] [LOG] APS: 60 | FPS: 60 @ webpack-internal:///(app-pages-browser)/./src/engine/core/MainLoop/mainLoop.ts:36
[   70469ms] [LOG] APS: 60 | FPS: 60 @ webpack-internal:///(app-pages-browser)/./src/engine/core/MainLoop/mainLoop.ts:36
[   71468ms] [LOG] APS: 60 | FPS: 60 @ webpack-internal:///(app-pages-browser)/./src/engine/core/MainLoop/mainLoop.ts:36
[   71469ms] [LOG] APS: 60 | FPS: 60 @ webpack-internal:///(app-pages-browser)/./src/engine/core/MainLoop/mainLoop.ts:36
[   72468ms] [LOG] APS: 60 | FPS: 60 @ webpack-internal:///(app-pages-browser)/./src/engine/core/MainLoop/mainLoop.ts:36
[   72469ms] [LOG] APS: 60 | FPS: 60 @ webpack-internal:///(app-pages-browser)/./src/engine/core/MainLoop/mainLoop.ts:36
[   73469ms] [LOG] APS: 60 | FPS: 60 @ webpack-internal:///(app-pages-browser)/./src/engine/core/MainLoop/mainLoop.ts:36
[   73470ms] [LOG] APS: 60 | FPS: 60 @ webpack-internal:///(app-pages-browser)/./src/engine/core/MainLoop/mainLoop.ts:36
[   74468ms] [LOG] APS: 60 | FPS: 60 @ webpack-internal:///(app-pages-browser)/./src/engine/core/MainLoop/mainLoop.ts:36
[   74469ms] [LOG] APS: 60 | FPS: 60 @ webpack-internal:///(app-pages-browser)/./src/engine/core/MainLoop/mainLoop.ts:36
[   75467ms] [LOG] APS: 60 | FPS: 60 @ webpack-internal:///(app-pages-browser)/./src/engine/core/MainLoop/mainLoop.ts:36
[   75468ms] [LOG] APS: 60 | FPS: 60 @ webpack-internal:///(app-pages-browser)/./src/engine/core/MainLoop/mainLoop.ts:36
[   76467ms] [LOG] APS: 60 | FPS: 60 @ webpack-internal:///(app-pages-browser)/./src/engine/core/MainLoop/mainLoop.ts:36
[   76468ms] [LOG] APS: 60 | FPS: 60 @ webpack-internal:///(app-pages-browser)/./src/engine/core/MainLoop/mainLoop.ts:36
[   77467ms] [LOG] APS: 60 | FPS: 60 @ webpack-internal:///(app-pages-browser)/./src/engine/core/MainLoop/mainLoop.ts:36
[   77468ms] [LOG] APS: 60 | FPS: 60 @ webpack-internal:///(app-pages-browser)/./src/engine/core/MainLoop/mainLoop.ts:36
[   78467ms] [LOG] APS: 60 | FPS: 60 @ webpack-internal:///(app-pages-browser)/./src/engine/core/MainLoop/mainLoop.ts:36
[   78468ms] [LOG] APS: 60 | FPS: 60 @ webpack-internal:///(app-pages-browser)/./src/engine/core/MainLoop/mainLoop.ts:36
[   79467ms] [LOG] APS: 60 | FPS: 60 @ webpack-internal:///(app-pages-browser)/./src/engine/core/MainLoop/mainLoop.ts:36
[   79468ms] [LOG] APS: 60 | FPS: 60 @ webpack-internal:///(app-pages-browser)/./src/engine/core/MainLoop/mainLoop.ts:36
[   80467ms] [LOG] APS: 60 | FPS: 60 @ webpack-internal:///(app-pages-browser)/./src/engine/core/MainLoop/mainLoop.ts:36
[   80468ms] [LOG] APS: 60 | FPS: 60 @ webpack-internal:///(app-pages-browser)/./src/engine/core/MainLoop/mainLoop.ts:36
[   81468ms] [LOG] APS: 60 | FPS: 60 @ webpack-internal:///(app-pages-browser)/./src/engine/core/MainLoop/mainLoop.ts:36
[   81469ms] [LOG] APS: 60 | FPS: 60 @ webpack-internal:///(app-pages-browser)/./src/engine/core/MainLoop/mainLoop.ts:36
[   82467ms] [LOG] APS: 60 | FPS: 60 @ webpack-internal:///(app-pages-browser)/./src/engine/core/MainLoop/mainLoop.ts:36
[   82468ms] [LOG] APS: 60 | FPS: 60 @ webpack-internal:///(app-pages-browser)/./src/engine/core/MainLoop/mainLoop.ts:36
[   83467ms] [LOG] APS: 60 | FPS: 60 @ webpack-internal:///(app-pages-browser)/./src/engine/core/MainLoop/mainLoop.ts:36
[   83468ms] [LOG] APS: 60 | FPS: 60 @ webpack-internal:///(app-pages-browser)/./src/engine/core/MainLoop/mainLoop.ts:36
[   84467ms] [LOG] APS: 60 | FPS: 60 @ webpack-internal:///(app-pages-browser)/./src/engine/core/MainLoop/mainLoop.ts:36
[   84468ms] [LOG] APS: 60 | FPS: 60 @ webpack-internal:///(app-pages-browser)/./src/engine/core/MainLoop/mainLoop.ts:36
[   85467ms] [LOG] APS: 60 | FPS: 60 @ webpack-internal:///(app-pages-browser)/./src/engine/core/MainLoop/mainLoop.ts:36
[   85468ms] [LOG] APS: 60 | FPS: 60 @ webpack-internal:///(app-pages-browser)/./src/engine/core/MainLoop/mainLoop.ts:36
[   86467ms] [LOG] APS: 60 | FPS: 60 @ webpack-internal:///(app-pages-browser)/./src/engine/core/MainLoop/mainLoop.ts:36
[   86468ms] [LOG] APS: 60 | FPS: 60 @ webpack-internal:///(app-pages-browser)/./src/engine/core/MainLoop/mainLoop.ts:36
[   87467ms] [LOG] APS: 60 | FPS: 60 @ webpack-internal:///(app-pages-browser)/./src/engine/core/MainLoop/mainLoop.ts:36
[   87468ms] [LOG] APS: 60 | FPS: 60 @ webpack-internal:///(app-pages-browser)/./src/engine/core/MainLoop/mainLoop.ts:36
[   88467ms] [LOG] APS: 60 | FPS: 60 @ webpack-internal:///(app-pages-browser)/./src/engine/core/MainLoop/mainLoop.ts:36
[   88468ms] [LOG] APS: 60 | FPS: 60 @ webpack-internal:///(app-pages-browser)/./src/engine/core/MainLoop/mainLoop.ts:36
[   89467ms] [LOG] APS: 60 | FPS: 60 @ webpack-internal:///(app-pages-browser)/./src/engine/core/MainLoop/mainLoop.ts:36
[   89468ms] [LOG] APS: 60 | FPS: 60 @ webpack-internal:///(app-pages-browser)/./src/engine/core/MainLoop/mainLoop.ts:36
[   90467ms] [LOG] APS: 60 | FPS: 60 @ webpack-internal:///(app-pages-browser)/./src/engine/core/MainLoop/mainLoop.ts:36
[   90468ms] [LOG] APS: 60 | FPS: 60 @ webpack-internal:///(app-pages-browser)/./src/engine/core/MainLoop/mainLoop.ts:36
[   91467ms] [LOG] APS: 60 | FPS: 60 @ webpack-internal:///(app-pages-browser)/./src/engine/core/MainLoop/mainLoop.ts:36
[   91468ms] [LOG] APS: 60 | FPS: 60 @ webpack-internal:///(app-pages-browser)/./src/engine/core/MainLoop/mainLoop.ts:36
[   92467ms] [LOG] APS: 60 | FPS: 60 @ webpack-internal:///(app-pages-browser)/./src/engine/core/MainLoop/mainLoop.ts:36
[   92468ms] [LOG] APS: 60 | FPS: 60 @ webpack-internal:///(app-pages-browser)/./src/engine/core/MainLoop/mainLoop.ts:36
[   93467ms] [LOG] APS: 60 | FPS: 60 @ webpack-internal:///(app-pages-browser)/./src/engine/core/MainLoop/mainLoop.ts:36
[   93468ms] [LOG] APS: 60 | FPS: 60 @ webpack-internal:///(app-pages-browser)/./src/engine/core/MainLoop/mainLoop.ts:36
[   94467ms] [LOG] APS: 60 | FPS: 60 @ webpack-internal:///(app-pages-browser)/./src/engine/core/MainLoop/mainLoop.ts:36
[   94468ms] [LOG] APS: 60 | FPS: 60 @ webpack-internal:///(app-pages-browser)/./src/engine/core/MainLoop/mainLoop.ts:36
[   95467ms] [LOG] APS: 60 | FPS: 60 @ webpack-internal:///(app-pages-browser)/./src/engine/core/MainLoop/mainLoop.ts:36
[   95468ms] [LOG] APS: 60 | FPS: 60 @ webpack-internal:///(app-pages-browser)/./src/engine/core/MainLoop/mainLoop.ts:36
[   96467ms] [LOG] APS: 60 | FPS: 60 @ webpack-internal:///(app-pages-browser)/./src/engine/core/MainLoop/mainLoop.ts:36
[   96468ms] [LOG] APS: 60 | FPS: 60 @ webpack-internal:///(app-pages-browser)/./src/engine/core/MainLoop/mainLoop.ts:36
[   97466ms] [LOG] APS: 60 | FPS: 60 @ webpack-internal:///(app-pages-browser)/./src/engine/core/MainLoop/mainLoop.ts:36
[   97467ms] [LOG] APS: 60 | FPS: 60 @ webpack-internal:///(app-pages-browser)/./src/engine/core/MainLoop/mainLoop.ts:36
[   98467ms] [LOG] APS: 60 | FPS: 60 @ webpack-internal:///(app-pages-browser)/./src/engine/core/MainLoop/mainLoop.ts:36
[   98468ms] [LOG] APS: 60 | FPS: 60 @ webpack-internal:///(app-pages-browser)/./src/engine/core/MainLoop/mainLoop.ts:36
[   99467ms] [LOG] APS: 60 | FPS: 60 @ webpack-internal:///(app-pages-browser)/./src/engine/core/MainLoop/mainLoop.ts:36
[   99468ms] [LOG] APS: 60 | FPS: 60 @ webpack-internal:///(app-pages-browser)/./src/engine/core/MainLoop/mainLoop.ts:36
[  100467ms] [LOG] APS: 60 | FPS: 60 @ webpack-internal:///(app-pages-browser)/./src/engine/core/MainLoop/mainLoop.ts:36
[  100468ms] [LOG] APS: 60 | FPS: 60 @ webpack-internal:///(app-pages-browser)/./src/engine/core/MainLoop/mainLoop.ts:36
[  101466ms] [LOG] APS: 60 | FPS: 60 @ webpack-internal:///(app-pages-browser)/./src/engine/core/MainLoop/mainLoop.ts:36
[  101467ms] [LOG] APS: 60 | FPS: 60 @ webpack-internal:///(app-pages-browser)/./src/engine/core/MainLoop/mainLoop.ts:36
[  102467ms] [LOG] APS: 60 | FPS: 60 @ webpack-internal:///(app-pages-browser)/./src/engine/core/MainLoop/mainLoop.ts:36
[  102468ms] [LOG] APS: 60 | FPS: 60 @ webpack-internal:///(app-pages-browser)/./src/engine/core/MainLoop/mainLoop.ts:36
[  103466ms] [LOG] APS: 60 | FPS: 60 @ webpack-internal:///(app-pages-browser)/./src/engine/core/MainLoop/mainLoop.ts:36
[  103467ms] [LOG] APS: 60 | FPS: 60 @ webpack-internal:///(app-pages-browser)/./src/engine/core/MainLoop/mainLoop.ts:36
[  104467ms] [LOG] APS: 60 | FPS: 60 @ webpack-internal:///(app-pages-browser)/./src/engine/core/MainLoop/mainLoop.ts:36
[  104468ms] [LOG] APS: 60 | FPS: 60 @ webpack-internal:///(app-pages-browser)/./src/engine/core/MainLoop/mainLoop.ts:36
[  105467ms] [LOG] APS: 60 | FPS: 60 @ webpack-internal:///(app-pages-browser)/./src/engine/core/MainLoop/mainLoop.ts:36
[  105468ms] [LOG] APS: 60 | FPS: 60 @ webpack-internal:///(app-pages-browser)/./src/engine/core/MainLoop/mainLoop.ts:36
[  106467ms] [LOG] APS: 60 | FPS: 60 @ webpack-internal:///(app-pages-browser)/./src/engine/core/MainLoop/mainLoop.ts:36
[  106468ms] [LOG] APS: 60 | FPS: 60 @ webpack-internal:///(app-pages-browser)/./src/engine/core/MainLoop/mainLoop.ts:36
[  107467ms] [LOG] APS: 60 | FPS: 60 @ webpack-internal:///(app-pages-browser)/./src/engine/core/MainLoop/mainLoop.ts:36
[  107468ms] [LOG] APS: 60 | FPS: 60 @ webpack-internal:///(app-pages-browser)/./src/engine/core/MainLoop/mainLoop.ts:36
[  108467ms] [LOG] APS: 60 | FPS: 60 @ webpack-internal:///(app-pages-browser)/./src/engine/core/MainLoop/mainLoop.ts:36
[  108468ms] [LOG] APS: 60 | FPS: 60 @ webpack-internal:///(app-pages-browser)/./src/engine/core/MainLoop/mainLoop.ts:36
[  109467ms] [LOG] APS: 60 | FPS: 60 @ webpack-internal:///(app-pages-browser)/./src/engine/core/MainLoop/mainLoop.ts:36
[  109468ms] [LOG] APS: 60 | FPS: 60 @ webpack-internal:///(app-pages-browser)/./src/engine/core/MainLoop/mainLoop.ts:36
[  110467ms] [LOG] APS: 60 | FPS: 60 @ webpack-internal:///(app-pages-browser)/./src/engine/core/MainLoop/mainLoop.ts:36
[  110468ms] [LOG] APS: 60 | FPS: 60 @ webpack-internal:///(app-pages-browser)/./src/engine/core/MainLoop/mainLoop.ts:36
[  111466ms] [LOG] APS: 60 | FPS: 60 @ webpack-internal:///(app-pages-browser)/./src/engine/core/MainLoop/mainLoop.ts:36
[  111467ms] [LOG] APS: 60 | FPS: 60 @ webpack-internal:///(app-pages-browser)/./src/engine/core/MainLoop/mainLoop.ts:36
[  112466ms] [LOG] APS: 60 | FPS: 60 @ webpack-internal:///(app-pages-browser)/./src/engine/core/MainLoop/mainLoop.ts:36
[  112467ms] [LOG] APS: 60 | FPS: 60 @ webpack-internal:///(app-pages-browser)/./src/engine/core/MainLoop/mainLoop.ts:36
[  113466ms] [LOG] APS: 60 | FPS: 60 @ webpack-internal:///(app-pages-browser)/./src/engine/core/MainLoop/mainLoop.ts:36
[  113467ms] [LOG] APS: 60 | FPS: 60 @ webpack-internal:///(app-pages-browser)/./src/engine/core/MainLoop/mainLoop.ts:36
[  114466ms] [LOG] APS: 60 | FPS: 60 @ webpack-internal:///(app-pages-browser)/./src/engine/core/MainLoop/mainLoop.ts:36
[  114467ms] [LOG] APS: 60 | FPS: 60 @ webpack-internal:///(app-pages-browser)/./src/engine/core/MainLoop/mainLoop.ts:36
[  115466ms] [LOG] APS: 60 | FPS: 60 @ webpack-internal:///(app-pages-browser)/./src/engine/core/MainLoop/mainLoop.ts:36
[  115467ms] [LOG] APS: 60 | FPS: 60 @ webpack-internal:///(app-pages-browser)/./src/engine/core/MainLoop/mainLoop.ts:36
[  116466ms] [LOG] APS: 60 | FPS: 60 @ webpack-internal:///(app-pages-browser)/./src/engine/core/MainLoop/mainLoop.ts:36
[  116467ms] [LOG] APS: 60 | FPS: 60 @ webpack-internal:///(app-pages-browser)/./src/engine/core/MainLoop/mainLoop.ts:36
[  117466ms] [LOG] APS: 60 | FPS: 60 @ webpack-internal:///(app-pages-browser)/./src/engine/core/MainLoop/mainLoop.ts:36
[  117467ms] [LOG] APS: 60 | FPS: 60 @ webpack-internal:///(app-pages-browser)/./src/engine/core/MainLoop/mainLoop.ts:36
[  118466ms] [LOG] APS: 60 | FPS: 60 @ webpack-internal:///(app-pages-browser)/./src/engine/core/MainLoop/mainLoop.ts:36
[  118467ms] [LOG] APS: 60 | FPS: 60 @ webpack-internal:///(app-pages-browser)/./src/engine/core/MainLoop/mainLoop.ts:36
[  119466ms] [LOG] APS: 60 | FPS: 60 @ webpack-internal:///(app-pages-browser)/./src/engine/core/MainLoop/mainLoop.ts:36
[  119467ms] [LOG] APS: 60 | FPS: 60 @ webpack-internal:///(app-pages-browser)/./src/engine/core/MainLoop/mainLoop.ts:36
[  120466ms] [LOG] APS: 60 | FPS: 60 @ webpack-internal:///(app-pages-browser)/./src/engine/core/MainLoop/mainLoop.ts:36
[  120467ms] [LOG] APS: 60 | FPS: 60 @ webpack-internal:///(app-pages-browser)/./src/engine/core/MainLoop/mainLoop.ts:36
[  121466ms] [LOG] APS: 60 | FPS: 60 @ webpack-internal:///(app-pages-browser)/./src/engine/core/MainLoop/mainLoop.ts:36
[  121467ms] [LOG] APS: 60 | FPS: 60 @ webpack-internal:///(app-pages-browser)/./src/engine/core/MainLoop/mainLoop.ts:36
[  122466ms] [LOG] APS: 60 | FPS: 60 @ webpack-internal:///(app-pages-browser)/./src/engine/core/MainLoop/mainLoop.ts:36
[  122467ms] [LOG] APS: 60 | FPS: 60 @ webpack-internal:///(app-pages-browser)/./src/engine/core/MainLoop/mainLoop.ts:36
[  123466ms] [LOG] APS: 60 | FPS: 60 @ webpack-internal:///(app-pages-browser)/./src/engine/core/MainLoop/mainLoop.ts:36
[  123467ms] [LOG] APS: 60 | FPS: 60 @ webpack-internal:///(app-pages-browser)/./src/engine/core/MainLoop/mainLoop.ts:36
[  124466ms] [LOG] APS: 60 | FPS: 60 @ webpack-internal:///(app-pages-browser)/./src/engine/core/MainLoop/mainLoop.ts:36
[  124467ms] [LOG] APS: 60 | FPS: 60 @ webpack-internal:///(app-pages-browser)/./src/engine/core/MainLoop/mainLoop.ts:36
[  125465ms] [LOG] APS: 60 | FPS: 60 @ webpack-internal:///(app-pages-browser)/./src/engine/core/MainLoop/mainLoop.ts:36
[  125466ms] [LOG] APS: 60 | FPS: 60 @ webpack-internal:///(app-pages-browser)/./src/engine/core/MainLoop/mainLoop.ts:36
[  126466ms] [LOG] APS: 60 | FPS: 60 @ webpack-internal:///(app-pages-browser)/./src/engine/core/MainLoop/mainLoop.ts:36
[  126467ms] [LOG] APS: 60 | FPS: 60 @ webpack-internal:///(app-pages-browser)/./src/engine/core/MainLoop/mainLoop.ts:36
[  127466ms] [LOG] APS: 60 | FPS: 60 @ webpack-internal:///(app-pages-browser)/./src/engine/core/MainLoop/mainLoop.ts:36
[  127467ms] [LOG] APS: 60 | FPS: 60 @ webpack-internal:///(app-pages-browser)/./src/engine/core/MainLoop/mainLoop.ts:36
[  128466ms] [LOG] APS: 60 | FPS: 60 @ webpack-internal:///(app-pages-browser)/./src/engine/core/MainLoop/mainLoop.ts:36
[  128467ms] [LOG] APS: 60 | FPS: 60 @ webpack-internal:///(app-pages-browser)/./src/engine/core/MainLoop/mainLoop.ts:36
[  129466ms] [LOG] APS: 60 | FPS: 60 @ webpack-internal:///(app-pages-browser)/./src/engine/core/MainLoop/mainLoop.ts:36
[  129467ms] [LOG] APS: 60 | FPS: 60 @ webpack-internal:///(app-pages-browser)/./src/engine/core/MainLoop/mainLoop.ts:36
[  130465ms] [LOG] APS: 60 | FPS: 60 @ webpack-internal:///(app-pages-browser)/./src/engine/core/MainLoop/mainLoop.ts:36
[  130466ms] [LOG] APS: 60 | FPS: 60 @ webpack-internal:///(app-pages-browser)/./src/engine/core/MainLoop/mainLoop.ts:36
[  131465ms] [LOG] APS: 60 | FPS: 60 @ webpack-internal:///(app-pages-browser)/./src/engine/core/MainLoop/mainLoop.ts:36
[  131466ms] [LOG] APS: 60 | FPS: 60 @ webpack-internal:///(app-pages-browser)/./src/engine/core/MainLoop/mainLoop.ts:36
[  132466ms] [LOG] APS: 60 | FPS: 60 @ webpack-internal:///(app-pages-browser)/./src/engine/core/MainLoop/mainLoop.ts:36
[  132467ms] [LOG] APS: 60 | FPS: 60 @ webpack-internal:///(app-pages-browser)/./src/engine/core/MainLoop/mainLoop.ts:36
[  133465ms] [LOG] APS: 60 | FPS: 60 @ webpack-internal:///(app-pages-browser)/./src/engine/core/MainLoop/mainLoop.ts:36
[  133466ms] [LOG] APS: 60 | FPS: 60 @ webpack-internal:///(app-pages-browser)/./src/engine/core/MainLoop/mainLoop.ts:36
[  134465ms] [LOG] APS: 60 | FPS: 60 @ webpack-internal:///(app-pages-browser)/./src/engine/core/MainLoop/mainLoop.ts:36
[  134466ms] [LOG] APS: 60 | FPS: 60 @ webpack-internal:///(app-pages-browser)/./src/engine/core/MainLoop/mainLoop.ts:36
[  135465ms] [LOG] APS: 60 | FPS: 60 @ webpack-internal:///(app-pages-browser)/./src/engine/core/MainLoop/mainLoop.ts:36
[  135466ms] [LOG] APS: 60 | FPS: 60 @ webpack-internal:///(app-pages-browser)/./src/engine/core/MainLoop/mainLoop.ts:36
[  136465ms] [LOG] APS: 60 | FPS: 60 @ webpack-internal:///(app-pages-browser)/./src/engine/core/MainLoop/mainLoop.ts:36
[  136466ms] [LOG] APS: 60 | FPS: 60 @ webpack-internal:///(app-pages-browser)/./src/engine/core/MainLoop/mainLoop.ts:36
[  137465ms] [LOG] APS: 60 | FPS: 60 @ webpack-internal:///(app-pages-browser)/./src/engine/core/MainLoop/mainLoop.ts:36
[  137466ms] [LOG] APS: 60 | FPS: 60 @ webpack-internal:///(app-pages-browser)/./src/engine/core/MainLoop/mainLoop.ts:36
[  138465ms] [LOG] APS: 60 | FPS: 60 @ webpack-internal:///(app-pages-browser)/./src/engine/core/MainLoop/mainLoop.ts:36
[  138466ms] [LOG] APS: 60 | FPS: 60 @ webpack-internal:///(app-pages-browser)/./src/engine/core/MainLoop/mainLoop.ts:36
[  139465ms] [LOG] APS: 60 | FPS: 60 @ webpack-internal:///(app-pages-browser)/./src/engine/core/MainLoop/mainLoop.ts:36
[  139466ms] [LOG] APS: 60 | FPS: 60 @ webpack-internal:///(app-pages-browser)/./src/engine/core/MainLoop/mainLoop.ts:36
[  140465ms] [LOG] APS: 60 | FPS: 60 @ webpack-internal:///(app-pages-browser)/./src/engine/core/MainLoop/mainLoop.ts:36
[  140466ms] [LOG] APS: 60 | FPS: 60 @ webpack-internal:///(app-pages-browser)/./src/engine/core/MainLoop/mainLoop.ts:36
[  141464ms] [LOG] APS: 60 | FPS: 60 @ webpack-internal:///(app-pages-browser)/./src/engine/core/MainLoop/mainLoop.ts:36
[  141465ms] [LOG] APS: 60 | FPS: 60 @ webpack-internal:///(app-pages-browser)/./src/engine/core/MainLoop/mainLoop.ts:36
[  142465ms] [LOG] APS: 60 | FPS: 60 @ webpack-internal:///(app-pages-browser)/./src/engine/core/MainLoop/mainLoop.ts:36
[  142466ms] [LOG] APS: 60 | FPS: 60 @ webpack-internal:///(app-pages-browser)/./src/engine/core/MainLoop/mainLoop.ts:36
[  143464ms] [LOG] APS: 60 | FPS: 60 @ webpack-internal:///(app-pages-browser)/./src/engine/core/MainLoop/mainLoop.ts:36
[  143465ms] [LOG] APS: 60 | FPS: 60 @ webpack-internal:///(app-pages-browser)/./src/engine/core/MainLoop/mainLoop.ts:36
[  144465ms] [LOG] APS: 60 | FPS: 60 @ webpack-internal:///(app-pages-browser)/./src/engine/core/MainLoop/mainLoop.ts:36
[  144466ms] [LOG] APS: 60 | FPS: 60 @ webpack-internal:///(app-pages-browser)/./src/engine/core/MainLoop/mainLoop.ts:36
[  145465ms] [LOG] APS: 60 | FPS: 60 @ webpack-internal:///(app-pages-browser)/./src/engine/core/MainLoop/mainLoop.ts:36
[  145466ms] [LOG] APS: 60 | FPS: 60 @ webpack-internal:///(app-pages-browser)/./src/engine/core/MainLoop/mainLoop.ts:36
[  146465ms] [LOG] APS: 60 | FPS: 60 @ webpack-internal:///(app-pages-browser)/./src/engine/core/MainLoop/mainLoop.ts:36
[  146466ms] [LOG] APS: 60 | FPS: 60 @ webpack-internal:///(app-pages-browser)/./src/engine/core/MainLoop/mainLoop.ts:36
[  147465ms] [LOG] APS: 60 | FPS: 60 @ webpack-internal:///(app-pages-browser)/./src/engine/core/MainLoop/mainLoop.ts:36
[  147466ms] [LOG] APS: 60 | FPS: 60 @ webpack-internal:///(app-pages-browser)/./src/engine/core/MainLoop/mainLoop.ts:36
[  148465ms] [LOG] APS: 60 | FPS: 60 @ webpack-internal:///(app-pages-browser)/./src/engine/core/MainLoop/mainLoop.ts:36
[  148466ms] [LOG] APS: 60 | FPS: 60 @ webpack-internal:///(app-pages-browser)/./src/engine/core/MainLoop/mainLoop.ts:36
[  149465ms] [LOG] APS: 60 | FPS: 60 @ webpack-internal:///(app-pages-browser)/./src/engine/core/MainLoop/mainLoop.ts:36
[  149466ms] [LOG] APS: 60 | FPS: 60 @ webpack-internal:///(app-pages-browser)/./src/engine/core/MainLoop/mainLoop.ts:36
[  150465ms] [LOG] APS: 60 | FPS: 60 @ webpack-internal:///(app-pages-browser)/./src/engine/core/MainLoop/mainLoop.ts:36
[  150466ms] [LOG] APS: 60 | FPS: 60 @ webpack-internal:///(app-pages-browser)/./src/engine/core/MainLoop/mainLoop.ts:36
[  151465ms] [LOG] APS: 60 | FPS: 60 @ webpack-internal:///(app-pages-browser)/./src/engine/core/MainLoop/mainLoop.ts:36
[  151466ms] [LOG] APS: 60 | FPS: 60 @ webpack-internal:///(app-pages-browser)/./src/engine/core/MainLoop/mainLoop.ts:36
[  152464ms] [LOG] APS: 60 | FPS: 60 @ webpack-internal:///(app-pages-browser)/./src/engine/core/MainLoop/mainLoop.ts:36
[  152465ms] [LOG] APS: 60 | FPS: 60 @ webpack-internal:///(app-pages-browser)/./src/engine/core/MainLoop/mainLoop.ts:36
[  153465ms] [LOG] APS: 60 | FPS: 60 @ webpack-internal:///(app-pages-browser)/./src/engine/core/MainLoop/mainLoop.ts:36
[  153466ms] [LOG] APS: 60 | FPS: 60 @ webpack-internal:///(app-pages-browser)/./src/engine/core/MainLoop/mainLoop.ts:36
[  154465ms] [LOG] APS: 60 | FPS: 60 @ webpack-internal:///(app-pages-browser)/./src/engine/core/MainLoop/mainLoop.ts:36
[  154466ms] [LOG] APS: 60 | FPS: 60 @ webpack-internal:///(app-pages-browser)/./src/engine/core/MainLoop/mainLoop.ts:36
[  155465ms] [LOG] APS: 60 | FPS: 60 @ webpack-internal:///(app-pages-browser)/./src/engine/core/MainLoop/mainLoop.ts:36
[  155466ms] [LOG] APS: 60 | FPS: 60 @ webpack-internal:///(app-pages-browser)/./src/engine/core/MainLoop/mainLoop.ts:36
[  156465ms] [LOG] APS: 60 | FPS: 60 @ webpack-internal:///(app-pages-browser)/./src/engine/core/MainLoop/mainLoop.ts:36
[  156466ms] [LOG] APS: 60 | FPS: 60 @ webpack-internal:///(app-pages-browser)/./src/engine/core/MainLoop/mainLoop.ts:36
[  157465ms] [LOG] APS: 60 | FPS: 60 @ webpack-internal:///(app-pages-browser)/./src/engine/core/MainLoop/mainLoop.ts:36
[  157466ms] [LOG] APS: 60 | FPS: 60 @ webpack-internal:///(app-pages-browser)/./src/engine/core/MainLoop/mainLoop.ts:36
[  158464ms] [LOG] APS: 60 | FPS: 60 @ webpack-internal:///(app-pages-browser)/./src/engine/core/MainLoop/mainLoop.ts:36
[  158465ms] [LOG] APS: 60 | FPS: 60 @ webpack-internal:///(app-pages-browser)/./src/engine/core/MainLoop/mainLoop.ts:36
[  159464ms] [LOG] APS: 60 | FPS: 60 @ webpack-internal:///(app-pages-browser)/./src/engine/core/MainLoop/mainLoop.ts:36
[  159466ms] [LOG] APS: 60 | FPS: 60 @ webpack-internal:///(app-pages-browser)/./src/engine/core/MainLoop/mainLoop.ts:36
[  160464ms] [LOG] APS: 60 | FPS: 60 @ webpack-internal:///(app-pages-browser)/./src/engine/core/MainLoop/mainLoop.ts:36
[  160465ms] [LOG] APS: 60 | FPS: 60 @ webpack-internal:///(app-pages-browser)/./src/engine/core/MainLoop/mainLoop.ts:36
[  161464ms] [LOG] APS: 60 | FPS: 60 @ webpack-internal:///(app-pages-browser)/./src/engine/core/MainLoop/mainLoop.ts:36
[  161465ms] [LOG] APS: 60 | FPS: 60 @ webpack-internal:///(app-pages-browser)/./src/engine/core/MainLoop/mainLoop.ts:36
[  162464ms] [LOG] APS: 60 | FPS: 60 @ webpack-internal:///(app-pages-browser)/./src/engine/core/MainLoop/mainLoop.ts:36
[  162465ms] [LOG] APS: 60 | FPS: 60 @ webpack-internal:///(app-pages-browser)/./src/engine/core/MainLoop/mainLoop.ts:36
[  163464ms] [LOG] APS: 60 | FPS: 60 @ webpack-internal:///(app-pages-browser)/./src/engine/core/MainLoop/mainLoop.ts:36
[  163465ms] [LOG] APS: 60 | FPS: 60 @ webpack-internal:///(app-pages-browser)/./src/engine/core/MainLoop/mainLoop.ts:36
[  164464ms] [LOG] APS: 60 | FPS: 60 @ webpack-internal:///(app-pages-browser)/./src/engine/core/MainLoop/mainLoop.ts:36
[  164465ms] [LOG] APS: 60 | FPS: 60 @ webpack-internal:///(app-pages-browser)/./src/engine/core/MainLoop/mainLoop.ts:36
[  165464ms] [LOG] APS: 60 | FPS: 60 @ webpack-internal:///(app-pages-browser)/./src/engine/core/MainLoop/mainLoop.ts:36
[  165465ms] [LOG] APS: 60 | FPS: 60 @ webpack-internal:///(app-pages-browser)/./src/engine/core/MainLoop/mainLoop.ts:36
[  166464ms] [LOG] APS: 60 | FPS: 60 @ webpack-internal:///(app-pages-browser)/./src/engine/core/MainLoop/mainLoop.ts:36
[  166465ms] [LOG] APS: 60 | FPS: 60 @ webpack-internal:///(app-pages-browser)/./src/engine/core/MainLoop/mainLoop.ts:36
[  167464ms] [LOG] APS: 60 | FPS: 60 @ webpack-internal:///(app-pages-browser)/./src/engine/core/MainLoop/mainLoop.ts:36
[  167465ms] [LOG] APS: 60 | FPS: 60 @ webpack-internal:///(app-pages-browser)/./src/engine/core/MainLoop/mainLoop.ts:36
[  168464ms] [LOG] APS: 60 | FPS: 60 @ webpack-internal:///(app-pages-browser)/./src/engine/core/MainLoop/mainLoop.ts:36
[  168465ms] [LOG] APS: 60 | FPS: 60 @ webpack-internal:///(app-pages-browser)/./src/engine/core/MainLoop/mainLoop.ts:36
[  169464ms] [LOG] APS: 60 | FPS: 60 @ webpack-internal:///(app-pages-browser)/./src/engine/core/MainLoop/mainLoop.ts:36
[  169465ms] [LOG] APS: 60 | FPS: 60 @ webpack-internal:///(app-pages-browser)/./src/engine/core/MainLoop/mainLoop.ts:36
[  170464ms] [LOG] APS: 60 | FPS: 60 @ webpack-internal:///(app-pages-browser)/./src/engine/core/MainLoop/mainLoop.ts:36
[  170465ms] [LOG] APS: 60 | FPS: 60 @ webpack-internal:///(app-pages-browser)/./src/engine/core/MainLoop/mainLoop.ts:36
[  171464ms] [LOG] APS: 60 | FPS: 60 @ webpack-internal:///(app-pages-browser)/./src/engine/core/MainLoop/mainLoop.ts:36
[  171465ms] [LOG] APS: 60 | FPS: 60 @ webpack-internal:///(app-pages-browser)/./src/engine/core/MainLoop/mainLoop.ts:36
[  172464ms] [LOG] APS: 60 | FPS: 60 @ webpack-internal:///(app-pages-browser)/./src/engine/core/MainLoop/mainLoop.ts:36
[  172465ms] [LOG] APS: 60 | FPS: 60 @ webpack-internal:///(app-pages-browser)/./src/engine/core/MainLoop/mainLoop.ts:36
[  173464ms] [LOG] APS: 60 | FPS: 60 @ webpack-internal:///(app-pages-browser)/./src/engine/core/MainLoop/mainLoop.ts:36
[  173465ms] [LOG] APS: 60 | FPS: 60 @ webpack-internal:///(app-pages-browser)/./src/engine/core/MainLoop/mainLoop.ts:36
[  174464ms] [LOG] APS: 60 | FPS: 60 @ webpack-internal:///(app-pages-browser)/./src/engine/core/MainLoop/mainLoop.ts:36
[  174465ms] [LOG] APS: 60 | FPS: 60 @ webpack-internal:///(app-pages-browser)/./src/engine/core/MainLoop/mainLoop.ts:36
[  175464ms] [LOG] APS: 60 | FPS: 60 @ webpack-internal:///(app-pages-browser)/./src/engine/core/MainLoop/mainLoop.ts:36
[  175465ms] [LOG] APS: 60 | FPS: 60 @ webpack-internal:///(app-pages-browser)/./src/engine/core/MainLoop/mainLoop.ts:36
[  176464ms] [LOG] APS: 60 | FPS: 60 @ webpack-internal:///(app-pages-browser)/./src/engine/core/MainLoop/mainLoop.ts:36
[  176465ms] [LOG] APS: 60 | FPS: 60 @ webpack-internal:///(app-pages-browser)/./src/engine/core/MainLoop/mainLoop.ts:36
[  177464ms] [LOG] APS: 60 | FPS: 60 @ webpack-internal:///(app-pages-browser)/./src/engine/core/MainLoop/mainLoop.ts:36
[  177465ms] [LOG] APS: 60 | FPS: 60 @ webpack-internal:///(app-pages-browser)/./src/engine/core/MainLoop/mainLoop.ts:36
[  178463ms] [LOG] APS: 60 | FPS: 60 @ webpack-internal:///(app-pages-browser)/./src/engine/core/MainLoop/mainLoop.ts:36
[  178464ms] [LOG] APS: 60 | FPS: 60 @ webpack-internal:///(app-pages-browser)/./src/engine/core/MainLoop/mainLoop.ts:36
[  179464ms] [LOG] APS: 60 | FPS: 60 @ webpack-internal:///(app-pages-browser)/./src/engine/core/MainLoop/mainLoop.ts:36
[  179465ms] [LOG] APS: 60 | FPS: 60 @ webpack-internal:///(app-pages-browser)/./src/engine/core/MainLoop/mainLoop.ts:36
[  180463ms] [LOG] APS: 60 | FPS: 60 @ webpack-internal:///(app-pages-browser)/./src/engine/core/MainLoop/mainLoop.ts:36
[  180464ms] [LOG] APS: 60 | FPS: 60 @ webpack-internal:///(app-pages-browser)/./src/engine/core/MainLoop/mainLoop.ts:36
[  181464ms] [LOG] APS: 60 | FPS: 60 @ webpack-internal:///(app-pages-browser)/./src/engine/core/MainLoop/mainLoop.ts:36
[  181465ms] [LOG] APS: 60 | FPS: 60 @ webpack-internal:///(app-pages-browser)/./src/engine/core/MainLoop/mainLoop.ts:36
[  182463ms] [LOG] APS: 60 | FPS: 60 @ webpack-internal:///(app-pages-browser)/./src/engine/core/MainLoop/mainLoop.ts:36
[  182464ms] [LOG] APS: 60 | FPS: 60 @ webpack-internal:///(app-pages-browser)/./src/engine/core/MainLoop/mainLoop.ts:36
[  183463ms] [LOG] APS: 60 | FPS: 60 @ webpack-internal:///(app-pages-browser)/./src/engine/core/MainLoop/mainLoop.ts:36
[  183464ms] [LOG] APS: 60 | FPS: 60 @ webpack-internal:///(app-pages-browser)/./src/engine/core/MainLoop/mainLoop.ts:36
[  184463ms] [LOG] APS: 60 | FPS: 60 @ webpack-internal:///(app-pages-browser)/./src/engine/core/MainLoop/mainLoop.ts:36
[  184464ms] [LOG] APS: 60 | FPS: 60 @ webpack-internal:///(app-pages-browser)/./src/engine/core/MainLoop/mainLoop.ts:36
[  185463ms] [LOG] APS: 60 | FPS: 60 @ webpack-internal:///(app-pages-browser)/./src/engine/core/MainLoop/mainLoop.ts:36
[  185464ms] [LOG] APS: 60 | FPS: 60 @ webpack-internal:///(app-pages-browser)/./src/engine/core/MainLoop/mainLoop.ts:36
[  186463ms] [LOG] APS: 60 | FPS: 60 @ webpack-internal:///(app-pages-browser)/./src/engine/core/MainLoop/mainLoop.ts:36
[  186464ms] [LOG] APS: 60 | FPS: 60 @ webpack-internal:///(app-pages-browser)/./src/engine/core/MainLoop/mainLoop.ts:36
[  187463ms] [LOG] APS: 60 | FPS: 60 @ webpack-internal:///(app-pages-browser)/./src/engine/core/MainLoop/mainLoop.ts:36
[  187464ms] [LOG] APS: 60 | FPS: 60 @ webpack-internal:///(app-pages-browser)/./src/engine/core/MainLoop/mainLoop.ts:36
[  188463ms] [LOG] APS: 60 | FPS: 60 @ webpack-internal:///(app-pages-browser)/./src/engine/core/MainLoop/mainLoop.ts:36
[  188464ms] [LOG] APS: 60 | FPS: 60 @ webpack-internal:///(app-pages-browser)/./src/engine/core/MainLoop/mainLoop.ts:36
[  189462ms] [LOG] APS: 60 | FPS: 60 @ webpack-internal:///(app-pages-browser)/./src/engine/core/MainLoop/mainLoop.ts:36
[  189463ms] [LOG] APS: 60 | FPS: 60 @ webpack-internal:///(app-pages-browser)/./src/engine/core/MainLoop/mainLoop.ts:36
[  190462ms] [LOG] APS: 60 | FPS: 60 @ webpack-internal:///(app-pages-browser)/./src/engine/core/MainLoop/mainLoop.ts:36
[  190464ms] [LOG] APS: 60 | FPS: 60 @ webpack-internal:///(app-pages-browser)/./src/engine/core/MainLoop/mainLoop.ts:36
[  191463ms] [LOG] APS: 60 | FPS: 60 @ webpack-internal:///(app-pages-browser)/./src/engine/core/MainLoop/mainLoop.ts:36
[  191464ms] [LOG] APS: 60 | FPS: 60 @ webpack-internal:///(app-pages-browser)/./src/engine/core/MainLoop/mainLoop.ts:36
[  192463ms] [LOG] APS: 60 | FPS: 60 @ webpack-internal:///(app-pages-browser)/./src/engine/core/MainLoop/mainLoop.ts:36
[  192464ms] [LOG] APS: 60 | FPS: 60 @ webpack-internal:///(app-pages-browser)/./src/engine/core/MainLoop/mainLoop.ts:36
[  193463ms] [LOG] APS: 60 | FPS: 60 @ webpack-internal:///(app-pages-browser)/./src/engine/core/MainLoop/mainLoop.ts:36
[  193464ms] [LOG] APS: 60 | FPS: 60 @ webpack-internal:///(app-pages-browser)/./src/engine/core/MainLoop/mainLoop.ts:36
[  194463ms] [LOG] APS: 60 | FPS: 60 @ webpack-internal:///(app-pages-browser)/./src/engine/core/MainLoop/mainLoop.ts:36
[  194464ms] [LOG] APS: 60 | FPS: 60 @ webpack-internal:///(app-pages-browser)/./src/engine/core/MainLoop/mainLoop.ts:36
[  195463ms] [LOG] APS: 60 | FPS: 60 @ webpack-internal:///(app-pages-browser)/./src/engine/core/MainLoop/mainLoop.ts:36
[  195464ms] [LOG] APS: 60 | FPS: 60 @ webpack-internal:///(app-pages-browser)/./src/engine/core/MainLoop/mainLoop.ts:36
[  196462ms] [LOG] APS: 60 | FPS: 60 @ webpack-internal:///(app-pages-browser)/./src/engine/core/MainLoop/mainLoop.ts:36
[  196463ms] [LOG] APS: 60 | FPS: 60 @ webpack-internal:///(app-pages-browser)/./src/engine/core/MainLoop/mainLoop.ts:36
[  197462ms] [LOG] APS: 60 | FPS: 60 @ webpack-internal:///(app-pages-browser)/./src/engine/core/MainLoop/mainLoop.ts:36
[  197463ms] [LOG] APS: 60 | FPS: 60 @ webpack-internal:///(app-pages-browser)/./src/engine/core/MainLoop/mainLoop.ts:36
[  198463ms] [LOG] APS: 60 | FPS: 60 @ webpack-internal:///(app-pages-browser)/./src/engine/core/MainLoop/mainLoop.ts:36
[  198464ms] [LOG] APS: 60 | FPS: 60 @ webpack-internal:///(app-pages-browser)/./src/engine/core/MainLoop/mainLoop.ts:36
[  199462ms] [LOG] APS: 60 | FPS: 60 @ webpack-internal:///(app-pages-browser)/./src/engine/core/MainLoop/mainLoop.ts:36
[  199463ms] [LOG] APS: 60 | FPS: 60 @ webpack-internal:///(app-pages-browser)/./src/engine/core/MainLoop/mainLoop.ts:36
[  200462ms] [LOG] APS: 60 | FPS: 60 @ webpack-internal:///(app-pages-browser)/./src/engine/core/MainLoop/mainLoop.ts:36
[  200463ms] [LOG] APS: 60 | FPS: 60 @ webpack-internal:///(app-pages-browser)/./src/engine/core/MainLoop/mainLoop.ts:36
[  201463ms] [LOG] APS: 60 | FPS: 60 @ webpack-internal:///(app-pages-browser)/./src/engine/core/MainLoop/mainLoop.ts:36
[  201464ms] [LOG] APS: 60 | FPS: 60 @ webpack-internal:///(app-pages-browser)/./src/engine/core/MainLoop/mainLoop.ts:36
[  202462ms] [LOG] APS: 60 | FPS: 60 @ webpack-internal:///(app-pages-browser)/./src/engine/core/MainLoop/mainLoop.ts:36
[  202463ms] [LOG] APS: 60 | FPS: 60 @ webpack-internal:///(app-pages-browser)/./src/engine/core/MainLoop/mainLoop.ts:36
[  203462ms] [LOG] APS: 60 | FPS: 60 @ webpack-internal:///(app-pages-browser)/./src/engine/core/MainLoop/mainLoop.ts:36
[  203463ms] [LOG] APS: 60 | FPS: 60 @ webpack-internal:///(app-pages-browser)/./src/engine/core/MainLoop/mainLoop.ts:36
[  204463ms] [LOG] APS: 60 | FPS: 60 @ webpack-internal:///(app-pages-browser)/./src/engine/core/MainLoop/mainLoop.ts:36
[  204464ms] [LOG] APS: 60 | FPS: 60 @ webpack-internal:///(app-pages-browser)/./src/engine/core/MainLoop/mainLoop.ts:36
[  205463ms] [LOG] APS: 60 | FPS: 60 @ webpack-internal:///(app-pages-browser)/./src/engine/core/MainLoop/mainLoop.ts:36
[  205464ms] [LOG] APS: 60 | FPS: 60 @ webpack-internal:///(app-pages-browser)/./src/engine/core/MainLoop/mainLoop.ts:36
[  206462ms] [LOG] APS: 60 | FPS: 60 @ webpack-internal:///(app-pages-browser)/./src/engine/core/MainLoop/mainLoop.ts:36
[  206463ms] [LOG] APS: 60 | FPS: 60 @ webpack-internal:///(app-pages-browser)/./src/engine/core/MainLoop/mainLoop.ts:36
[  207462ms] [LOG] APS: 60 | FPS: 60 @ webpack-internal:///(app-pages-browser)/./src/engine/core/MainLoop/mainLoop.ts:36
[  207463ms] [LOG] APS: 60 | FPS: 60 @ webpack-internal:///(app-pages-browser)/./src/engine/core/MainLoop/mainLoop.ts:36
[  208462ms] [LOG] APS: 60 | FPS: 60 @ webpack-internal:///(app-pages-browser)/./src/engine/core/MainLoop/mainLoop.ts:36
[  208463ms] [LOG] APS: 60 | FPS: 60 @ webpack-internal:///(app-pages-browser)/./src/engine/core/MainLoop/mainLoop.ts:36
[  209462ms] [LOG] APS: 60 | FPS: 60 @ webpack-internal:///(app-pages-browser)/./src/engine/core/MainLoop/mainLoop.ts:36
[  209463ms] [LOG] APS: 60 | FPS: 60 @ webpack-internal:///(app-pages-browser)/./src/engine/core/MainLoop/mainLoop.ts:36
[  210462ms] [LOG] APS: 60 | FPS: 60 @ webpack-internal:///(app-pages-browser)/./src/engine/core/MainLoop/mainLoop.ts:36
[  210463ms] [LOG] APS: 60 | FPS: 60 @ webpack-internal:///(app-pages-browser)/./src/engine/core/MainLoop/mainLoop.ts:36
[  211462ms] [LOG] APS: 60 | FPS: 60 @ webpack-internal:///(app-pages-browser)/./src/engine/core/MainLoop/mainLoop.ts:36
[  211463ms] [LOG] APS: 60 | FPS: 60 @ webpack-internal:///(app-pages-browser)/./src/engine/core/MainLoop/mainLoop.ts:36
[  212462ms] [LOG] APS: 60 | FPS: 60 @ webpack-internal:///(app-pages-browser)/./src/engine/core/MainLoop/mainLoop.ts:36
[  212463ms] [LOG] APS: 60 | FPS: 60 @ webpack-internal:///(app-pages-browser)/./src/engine/core/MainLoop/mainLoop.ts:36
[  213462ms] [LOG] APS: 60 | FPS: 60 @ webpack-internal:///(app-pages-browser)/./src/engine/core/MainLoop/mainLoop.ts:36
[  213463ms] [LOG] APS: 60 | FPS: 60 @ webpack-internal:///(app-pages-browser)/./src/engine/core/MainLoop/mainLoop.ts:36
[  214461ms] [LOG] APS: 60 | FPS: 60 @ webpack-internal:///(app-pages-browser)/./src/engine/core/MainLoop/mainLoop.ts:36
[  214462ms] [LOG] APS: 60 | FPS: 60 @ webpack-internal:///(app-pages-browser)/./src/engine/core/MainLoop/mainLoop.ts:36
[  215462ms] [LOG] APS: 60 | FPS: 60 @ webpack-internal:///(app-pages-browser)/./src/engine/core/MainLoop/mainLoop.ts:36
[  215463ms] [LOG] APS: 60 | FPS: 60 @ webpack-internal:///(app-pages-browser)/./src/engine/core/MainLoop/mainLoop.ts:36
[  216462ms] [LOG] APS: 60 | FPS: 60 @ webpack-internal:///(app-pages-browser)/./src/engine/core/MainLoop/mainLoop.ts:36
[  216463ms] [LOG] APS: 60 | FPS: 60 @ webpack-internal:///(app-pages-browser)/./src/engine/core/MainLoop/mainLoop.ts:36
[  217462ms] [LOG] APS: 60 | FPS: 60 @ webpack-internal:///(app-pages-browser)/./src/engine/core/MainLoop/mainLoop.ts:36
[  217463ms] [LOG] APS: 60 | FPS: 60 @ webpack-internal:///(app-pages-browser)/./src/engine/core/MainLoop/mainLoop.ts:36
[  218462ms] [LOG] APS: 60 | FPS: 60 @ webpack-internal:///(app-pages-browser)/./src/engine/core/MainLoop/mainLoop.ts:36
[  218463ms] [LOG] APS: 60 | FPS: 60 @ webpack-internal:///(app-pages-browser)/./src/engine/core/MainLoop/mainLoop.ts:36
[  219462ms] [LOG] APS: 60 | FPS: 60 @ webpack-internal:///(app-pages-browser)/./src/engine/core/MainLoop/mainLoop.ts:36
[  219463ms] [LOG] APS: 60 | FPS: 60 @ webpack-internal:///(app-pages-browser)/./src/engine/core/MainLoop/mainLoop.ts:36
[  220462ms] [LOG] APS: 60 | FPS: 60 @ webpack-internal:///(app-pages-browser)/./src/engine/core/MainLoop/mainLoop.ts:36
[  220463ms] [LOG] APS: 60 | FPS: 60 @ webpack-internal:///(app-pages-browser)/./src/engine/core/MainLoop/mainLoop.ts:36
[  221462ms] [LOG] APS: 60 | FPS: 60 @ webpack-internal:///(app-pages-browser)/./src/engine/core/MainLoop/mainLoop.ts:36
[  221463ms] [LOG] APS: 60 | FPS: 60 @ webpack-internal:///(app-pages-browser)/./src/engine/core/MainLoop/mainLoop.ts:36
[  222462ms] [LOG] APS: 60 | FPS: 60 @ webpack-internal:///(app-pages-browser)/./src/engine/core/MainLoop/mainLoop.ts:36
[  222463ms] [LOG] APS: 60 | FPS: 60 @ webpack-internal:///(app-pages-browser)/./src/engine/core/MainLoop/mainLoop.ts:36
[  223462ms] [LOG] APS: 60 | FPS: 60 @ webpack-internal:///(app-pages-browser)/./src/engine/core/MainLoop/mainLoop.ts:36
[  223463ms] [LOG] APS: 60 | FPS: 60 @ webpack-internal:///(app-pages-browser)/./src/engine/core/MainLoop/mainLoop.ts:36
[  224462ms] [LOG] APS: 60 | FPS: 60 @ webpack-internal:///(app-pages-browser)/./src/engine/core/MainLoop/mainLoop.ts:36
[  224463ms] [LOG] APS: 60 | FPS: 60 @ webpack-internal:///(app-pages-browser)/./src/engine/core/MainLoop/mainLoop.ts:36
[  225462ms] [LOG] APS: 60 | FPS: 60 @ webpack-internal:///(app-pages-browser)/./src/engine/core/MainLoop/mainLoop.ts:36
[  225463ms] [LOG] APS: 60 | FPS: 60 @ webpack-internal:///(app-pages-browser)/./src/engine/core/MainLoop/mainLoop.ts:36
[  226462ms] [LOG] APS: 60 | FPS: 60 @ webpack-internal:///(app-pages-browser)/./src/engine/core/MainLoop/mainLoop.ts:36
[  226463ms] [LOG] APS: 60 | FPS: 60 @ webpack-internal:///(app-pages-browser)/./src/engine/core/MainLoop/mainLoop.ts:36
[  227462ms] [LOG] APS: 60 | FPS: 60 @ webpack-internal:///(app-pages-browser)/./src/engine/core/MainLoop/mainLoop.ts:36
[  227463ms] [LOG] APS: 60 | FPS: 60 @ webpack-internal:///(app-pages-browser)/./src/engine/core/MainLoop/mainLoop.ts:36
[  228461ms] [LOG] APS: 60 | FPS: 60 @ webpack-internal:///(app-pages-browser)/./src/engine/core/MainLoop/mainLoop.ts:36
[  228462ms] [LOG] APS: 60 | FPS: 60 @ webpack-internal:///(app-pages-browser)/./src/engine/core/MainLoop/mainLoop.ts:36
[  229461ms] [LOG] APS: 60 | FPS: 60 @ webpack-internal:///(app-pages-browser)/./src/engine/core/MainLoop/mainLoop.ts:36
[  229462ms] [LOG] APS: 60 | FPS: 60 @ webpack-internal:///(app-pages-browser)/./src/engine/core/MainLoop/mainLoop.ts:36
[  230461ms] [LOG] APS: 60 | FPS: 60 @ webpack-internal:///(app-pages-browser)/./src/engine/core/MainLoop/mainLoop.ts:36
[  230462ms] [LOG] APS: 60 | FPS: 60 @ webpack-internal:///(app-pages-browser)/./src/engine/core/MainLoop/mainLoop.ts:36
[  231461ms] [LOG] APS: 60 | FPS: 60 @ webpack-internal:///(app-pages-browser)/./src/engine/core/MainLoop/mainLoop.ts:36
[  231462ms] [LOG] APS: 60 | FPS: 60 @ webpack-internal:///(app-pages-browser)/./src/engine/core/MainLoop/mainLoop.ts:36
[  232461ms] [LOG] APS: 60 | FPS: 60 @ webpack-internal:///(app-pages-browser)/./src/engine/core/MainLoop/mainLoop.ts:36
[  232462ms] [LOG] APS: 60 | FPS: 60 @ webpack-internal:///(app-pages-browser)/./src/engine/core/MainLoop/mainLoop.ts:36
[  233461ms] [LOG] APS: 60 | FPS: 60 @ webpack-internal:///(app-pages-browser)/./src/engine/core/MainLoop/mainLoop.ts:36
[  233462ms] [LOG] APS: 60 | FPS: 60 @ webpack-internal:///(app-pages-browser)/./src/engine/core/MainLoop/mainLoop.ts:36
[  234460ms] [LOG] APS: 60 | FPS: 60 @ webpack-internal:///(app-pages-browser)/./src/engine/core/MainLoop/mainLoop.ts:36
[  234461ms] [LOG] APS: 60 | FPS: 60 @ webpack-internal:///(app-pages-browser)/./src/engine/core/MainLoop/mainLoop.ts:36
[  235460ms] [LOG] APS: 60 | FPS: 60 @ webpack-internal:///(app-pages-browser)/./src/engine/core/MainLoop/mainLoop.ts:36
[  235461ms] [LOG] APS: 60 | FPS: 60 @ webpack-internal:///(app-pages-browser)/./src/engine/core/MainLoop/mainLoop.ts:36
[  236461ms] [LOG] APS: 60 | FPS: 60 @ webpack-internal:///(app-pages-browser)/./src/engine/core/MainLoop/mainLoop.ts:36
[  236462ms] [LOG] APS: 60 | FPS: 60 @ webpack-internal:///(app-pages-browser)/./src/engine/core/MainLoop/mainLoop.ts:36
[  237460ms] [LOG] APS: 60 | FPS: 60 @ webpack-internal:///(app-pages-browser)/./src/engine/core/MainLoop/mainLoop.ts:36
[  237461ms] [LOG] APS: 60 | FPS: 60 @ webpack-internal:///(app-pages-browser)/./src/engine/core/MainLoop/mainLoop.ts:36
[  238461ms] [LOG] APS: 60 | FPS: 60 @ webpack-internal:///(app-pages-browser)/./src/engine/core/MainLoop/mainLoop.ts:36
[  238462ms] [LOG] APS: 60 | FPS: 60 @ webpack-internal:///(app-pages-browser)/./src/engine/core/MainLoop/mainLoop.ts:36
[  239461ms] [LOG] APS: 60 | FPS: 60 @ webpack-internal:///(app-pages-browser)/./src/engine/core/MainLoop/mainLoop.ts:36
[  239462ms] [LOG] APS: 60 | FPS: 60 @ webpack-internal:///(app-pages-browser)/./src/engine/core/MainLoop/mainLoop.ts:36
[  240461ms] [LOG] APS: 60 | FPS: 60 @ webpack-internal:///(app-pages-browser)/./src/engine/core/MainLoop/mainLoop.ts:36
[  240462ms] [LOG] APS: 60 | FPS: 60 @ webpack-internal:///(app-pages-browser)/./src/engine/core/MainLoop/mainLoop.ts:36
[  241461ms] [LOG] APS: 60 | FPS: 60 @ webpack-internal:///(app-pages-browser)/./src/engine/core/MainLoop/mainLoop.ts:36
[  241462ms] [LOG] APS: 60 | FPS: 60 @ webpack-internal:///(app-pages-browser)/./src/engine/core/MainLoop/mainLoop.ts:36
[  242461ms] [LOG] APS: 60 | FPS: 60 @ webpack-internal:///(app-pages-browser)/./src/engine/core/MainLoop/mainLoop.ts:36
[  242462ms] [LOG] APS: 60 | FPS: 60 @ webpack-internal:///(app-pages-browser)/./src/engine/core/MainLoop/mainLoop.ts:36
[  243461ms] [LOG] APS: 60 | FPS: 60 @ webpack-internal:///(app-pages-browser)/./src/engine/core/MainLoop/mainLoop.ts:36
[  243462ms] [LOG] APS: 60 | FPS: 60 @ webpack-internal:///(app-pages-browser)/./src/engine/core/MainLoop/mainLoop.ts:36
[  244460ms] [LOG] APS: 60 | FPS: 60 @ webpack-internal:///(app-pages-browser)/./src/engine/core/MainLoop/mainLoop.ts:36
[  244461ms] [LOG] APS: 60 | FPS: 60 @ webpack-internal:///(app-pages-browser)/./src/engine/core/MainLoop/mainLoop.ts:36
[  245463ms] [LOG] APS: 60 | FPS: 60 @ webpack-internal:///(app-pages-browser)/./src/engine/core/MainLoop/mainLoop.ts:36
[  245466ms] [LOG] APS: 60 | FPS: 60 @ webpack-internal:///(app-pages-browser)/./src/engine/core/MainLoop/mainLoop.ts:36
[  246462ms] [LOG] APS: 50 | FPS: 50 @ webpack-internal:///(app-pages-browser)/./src/engine/core/MainLoop/mainLoop.ts:36
[  246465ms] [LOG] APS: 50 | FPS: 50 @ webpack-internal:///(app-pages-browser)/./src/engine/core/MainLoop/mainLoop.ts:36
[  247461ms] [LOG] APS: 60 | FPS: 60 @ webpack-internal:///(app-pages-browser)/./src/engine/core/MainLoop/mainLoop.ts:36
[  247462ms] [LOG] APS: 60 | FPS: 60 @ webpack-internal:///(app-pages-browser)/./src/engine/core/MainLoop/mainLoop.ts:36
[  248460ms] [LOG] APS: 60 | FPS: 60 @ webpack-internal:///(app-pages-browser)/./src/engine/core/MainLoop/mainLoop.ts:36
[  248461ms] [LOG] APS: 60 | FPS: 60 @ webpack-internal:///(app-pages-browser)/./src/engine/core/MainLoop/mainLoop.ts:36
[  249460ms] [LOG] APS: 60 | FPS: 60 @ webpack-internal:///(app-pages-browser)/./src/engine/core/MainLoop/mainLoop.ts:36
[  249461ms] [LOG] APS: 60 | FPS: 60 @ webpack-internal:///(app-pages-browser)/./src/engine/core/MainLoop/mainLoop.ts:36
[  250461ms] [LOG] APS: 60 | FPS: 60 @ webpack-internal:///(app-pages-browser)/./src/engine/core/MainLoop/mainLoop.ts:36
[  250463ms] [LOG] APS: 60 | FPS: 60 @ webpack-internal:///(app-pages-browser)/./src/engine/core/MainLoop/mainLoop.ts:36
[  251460ms] [LOG] APS: 60 | FPS: 60 @ webpack-internal:///(app-pages-browser)/./src/engine/core/MainLoop/mainLoop.ts:36
[  251461ms] [LOG] APS: 60 | FPS: 60 @ webpack-internal:///(app-pages-browser)/./src/engine/core/MainLoop/mainLoop.ts:36
[  252460ms] [LOG] APS: 60 | FPS: 60 @ webpack-internal:///(app-pages-browser)/./src/engine/core/MainLoop/mainLoop.ts:36
[  252461ms] [LOG] APS: 60 | FPS: 60 @ webpack-internal:///(app-pages-browser)/./src/engine/core/MainLoop/mainLoop.ts:36
[  253460ms] [LOG] APS: 60 | FPS: 60 @ webpack-internal:///(app-pages-browser)/./src/engine/core/MainLoop/mainLoop.ts:36
[  253461ms] [LOG] APS: 60 | FPS: 60 @ webpack-internal:///(app-pages-browser)/./src/engine/core/MainLoop/mainLoop.ts:36
[  254460ms] [LOG] APS: 60 | FPS: 60 @ webpack-internal:///(app-pages-browser)/./src/engine/core/MainLoop/mainLoop.ts:36
[  254461ms] [LOG] APS: 60 | FPS: 60 @ webpack-internal:///(app-pages-browser)/./src/engine/core/MainLoop/mainLoop.ts:36
[  255460ms] [LOG] APS: 60 | FPS: 60 @ webpack-internal:///(app-pages-browser)/./src/engine/core/MainLoop/mainLoop.ts:36
[  255461ms] [LOG] APS: 60 | FPS: 60 @ webpack-internal:///(app-pages-browser)/./src/engine/core/MainLoop/mainLoop.ts:36
[  256460ms] [LOG] APS: 60 | FPS: 60 @ webpack-internal:///(app-pages-browser)/./src/engine/core/MainLoop/mainLoop.ts:36
[  256461ms] [LOG] APS: 60 | FPS: 60 @ webpack-internal:///(app-pages-browser)/./src/engine/core/MainLoop/mainLoop.ts:36
[  257460ms] [LOG] APS: 60 | FPS: 60 @ webpack-internal:///(app-pages-browser)/./src/engine/core/MainLoop/mainLoop.ts:36
[  257461ms] [LOG] APS: 60 | FPS: 60 @ webpack-internal:///(app-pages-browser)/./src/engine/core/MainLoop/mainLoop.ts:36
[  258460ms] [LOG] APS: 60 | FPS: 60 @ webpack-internal:///(app-pages-browser)/./src/engine/core/MainLoop/mainLoop.ts:36
[  258461ms] [LOG] APS: 60 | FPS: 60 @ webpack-internal:///(app-pages-browser)/./src/engine/core/MainLoop/mainLoop.ts:36
[  259460ms] [LOG] APS: 60 | FPS: 60 @ webpack-internal:///(app-pages-browser)/./src/engine/core/MainLoop/mainLoop.ts:36
[  259461ms] [LOG] APS: 60 | FPS: 60 @ webpack-internal:///(app-pages-browser)/./src/engine/core/MainLoop/mainLoop.ts:36
[  260460ms] [LOG] APS: 60 | FPS: 60 @ webpack-internal:///(app-pages-browser)/./src/engine/core/MainLoop/mainLoop.ts:36
[  260461ms] [LOG] APS: 60 | FPS: 60 @ webpack-internal:///(app-pages-browser)/./src/engine/core/MainLoop/mainLoop.ts:36
[  261460ms] [LOG] APS: 60 | FPS: 60 @ webpack-internal:///(app-pages-browser)/./src/engine/core/MainLoop/mainLoop.ts:36
[  261461ms] [LOG] APS: 60 | FPS: 60 @ webpack-internal:///(app-pages-browser)/./src/engine/core/MainLoop/mainLoop.ts:36
[  262460ms] [LOG] APS: 60 | FPS: 60 @ webpack-internal:///(app-pages-browser)/./src/engine/core/MainLoop/mainLoop.ts:36
[  262461ms] [LOG] APS: 60 | FPS: 60 @ webpack-internal:///(app-pages-browser)/./src/engine/core/MainLoop/mainLoop.ts:36
[  263460ms] [LOG] APS: 60 | FPS: 60 @ webpack-internal:///(app-pages-browser)/./src/engine/core/MainLoop/mainLoop.ts:36
[  263461ms] [LOG] APS: 60 | FPS: 60 @ webpack-internal:///(app-pages-browser)/./src/engine/core/MainLoop/mainLoop.ts:36
[  264460ms] [LOG] APS: 60 | FPS: 60 @ webpack-internal:///(app-pages-browser)/./src/engine/core/MainLoop/mainLoop.ts:36
[  264461ms] [LOG] APS: 60 | FPS: 60 @ webpack-internal:///(app-pages-browser)/./src/engine/core/MainLoop/mainLoop.ts:36
[  265460ms] [LOG] APS: 60 | FPS: 60 @ webpack-internal:///(app-pages-browser)/./src/engine/core/MainLoop/mainLoop.ts:36
[  265461ms] [LOG] APS: 60 | FPS: 60 @ webpack-internal:///(app-pages-browser)/./src/engine/core/MainLoop/mainLoop.ts:36
[  266460ms] [LOG] APS: 60 | FPS: 60 @ webpack-internal:///(app-pages-browser)/./src/engine/core/MainLoop/mainLoop.ts:36
[  266461ms] [LOG] APS: 60 | FPS: 60 @ webpack-internal:///(app-pages-browser)/./src/engine/core/MainLoop/mainLoop.ts:36
[  267460ms] [LOG] APS: 60 | FPS: 60 @ webpack-internal:///(app-pages-browser)/./src/engine/core/MainLoop/mainLoop.ts:36
[  267461ms] [LOG] APS: 60 | FPS: 60 @ webpack-internal:///(app-pages-browser)/./src/engine/core/MainLoop/mainLoop.ts:36
[  268460ms] [LOG] APS: 60 | FPS: 60 @ webpack-internal:///(app-pages-browser)/./src/engine/core/MainLoop/mainLoop.ts:36
[  268461ms] [LOG] APS: 60 | FPS: 60 @ webpack-internal:///(app-pages-browser)/./src/engine/core/MainLoop/mainLoop.ts:36
[  269460ms] [LOG] APS: 60 | FPS: 60 @ webpack-internal:///(app-pages-browser)/./src/engine/core/MainLoop/mainLoop.ts:36
[  269461ms] [LOG] APS: 60 | FPS: 60 @ webpack-internal:///(app-pages-browser)/./src/engine/core/MainLoop/mainLoop.ts:36
[  270460ms] [LOG] APS: 60 | FPS: 60 @ webpack-internal:///(app-pages-browser)/./src/engine/core/MainLoop/mainLoop.ts:36
[  270461ms] [LOG] APS: 60 | FPS: 60 @ webpack-internal:///(app-pages-browser)/./src/engine/core/MainLoop/mainLoop.ts:36
[  271460ms] [LOG] APS: 60 | FPS: 60 @ webpack-internal:///(app-pages-browser)/./src/engine/core/MainLoop/mainLoop.ts:36
[  271461ms] [LOG] APS: 60 | FPS: 60 @ webpack-internal:///(app-pages-browser)/./src/engine/core/MainLoop/mainLoop.ts:36
[  272460ms] [LOG] APS: 60 | FPS: 60 @ webpack-internal:///(app-pages-browser)/./src/engine/core/MainLoop/mainLoop.ts:36
[  272461ms] [LOG] APS: 60 | FPS: 60 @ webpack-internal:///(app-pages-browser)/./src/engine/core/MainLoop/mainLoop.ts:36
[  273460ms] [LOG] APS: 60 | FPS: 60 @ webpack-internal:///(app-pages-browser)/./src/engine/core/MainLoop/mainLoop.ts:36
[  273461ms] [LOG] APS: 60 | FPS: 60 @ webpack-internal:///(app-pages-browser)/./src/engine/core/MainLoop/mainLoop.ts:36
[  274460ms] [LOG] APS: 60 | FPS: 60 @ webpack-internal:///(app-pages-browser)/./src/engine/core/MainLoop/mainLoop.ts:36
[  274461ms] [LOG] APS: 60 | FPS: 60 @ webpack-internal:///(app-pages-browser)/./src/engine/core/MainLoop/mainLoop.ts:36
[  275460ms] [LOG] APS: 60 | FPS: 60 @ webpack-internal:///(app-pages-browser)/./src/engine/core/MainLoop/mainLoop.ts:36
[  275461ms] [LOG] APS: 60 | FPS: 60 @ webpack-internal:///(app-pages-browser)/./src/engine/core/MainLoop/mainLoop.ts:36
[  276459ms] [LOG] APS: 60 | FPS: 60 @ webpack-internal:///(app-pages-browser)/./src/engine/core/MainLoop/mainLoop.ts:36
[  276460ms] [LOG] APS: 60 | FPS: 60 @ webpack-internal:///(app-pages-browser)/./src/engine/core/MainLoop/mainLoop.ts:36
[  277460ms] [LOG] APS: 60 | FPS: 60 @ webpack-internal:///(app-pages-browser)/./src/engine/core/MainLoop/mainLoop.ts:36
[  277461ms] [LOG] APS: 60 | FPS: 60 @ webpack-internal:///(app-pages-browser)/./src/engine/core/MainLoop/mainLoop.ts:36
[  278460ms] [LOG] APS: 60 | FPS: 60 @ webpack-internal:///(app-pages-browser)/./src/engine/core/MainLoop/mainLoop.ts:36
[  278461ms] [LOG] APS: 60 | FPS: 60 @ webpack-internal:///(app-pages-browser)/./src/engine/core/MainLoop/mainLoop.ts:36
[  279460ms] [LOG] APS: 60 | FPS: 60 @ webpack-internal:///(app-pages-browser)/./src/engine/core/MainLoop/mainLoop.ts:36
[  279461ms] [LOG] APS: 60 | FPS: 60 @ webpack-internal:///(app-pages-browser)/./src/engine/core/MainLoop/mainLoop.ts:36
[  280460ms] [LOG] APS: 60 | FPS: 60 @ webpack-internal:///(app-pages-browser)/./src/engine/core/MainLoop/mainLoop.ts:36
[  280461ms] [LOG] APS: 60 | FPS: 60 @ webpack-internal:///(app-pages-browser)/./src/engine/core/MainLoop/mainLoop.ts:36
[  281459ms] [LOG] APS: 60 | FPS: 60 @ webpack-internal:///(app-pages-browser)/./src/engine/core/MainLoop/mainLoop.ts:36
[  281460ms] [LOG] APS: 60 | FPS: 60 @ webpack-internal:///(app-pages-browser)/./src/engine/core/MainLoop/mainLoop.ts:36
[  282459ms] [LOG] APS: 60 | FPS: 60 @ webpack-internal:///(app-pages-browser)/./src/engine/core/MainLoop/mainLoop.ts:36
[  282460ms] [LOG] APS: 60 | FPS: 60 @ webpack-internal:///(app-pages-browser)/./src/engine/core/MainLoop/mainLoop.ts:36
[  283459ms] [LOG] APS: 60 | FPS: 60 @ webpack-internal:///(app-pages-browser)/./src/engine/core/MainLoop/mainLoop.ts:36
[  283460ms] [LOG] APS: 60 | FPS: 60 @ webpack-internal:///(app-pages-browser)/./src/engine/core/MainLoop/mainLoop.ts:36
[  284459ms] [LOG] APS: 60 | FPS: 60 @ webpack-internal:///(app-pages-browser)/./src/engine/core/MainLoop/mainLoop.ts:36
[  284460ms] [LOG] APS: 60 | FPS: 60 @ webpack-internal:///(app-pages-browser)/./src/engine/core/MainLoop/mainLoop.ts:36
[  285459ms] [LOG] APS: 60 | FPS: 60 @ webpack-internal:///(app-pages-browser)/./src/engine/core/MainLoop/mainLoop.ts:36
[  285460ms] [LOG] APS: 60 | FPS: 60 @ webpack-internal:///(app-pages-browser)/./src/engine/core/MainLoop/mainLoop.ts:36
[  286459ms] [LOG] APS: 60 | FPS: 60 @ webpack-internal:///(app-pages-browser)/./src/engine/core/MainLoop/mainLoop.ts:36
[  286460ms] [LOG] APS: 60 | FPS: 60 @ webpack-internal:///(app-pages-browser)/./src/engine/core/MainLoop/mainLoop.ts:36
[  287459ms] [LOG] APS: 60 | FPS: 60 @ webpack-internal:///(app-pages-browser)/./src/engine/core/MainLoop/mainLoop.ts:36
[  287460ms] [LOG] APS: 60 | FPS: 60 @ webpack-internal:///(app-pages-browser)/./src/engine/core/MainLoop/mainLoop.ts:36
[  288459ms] [LOG] APS: 60 | FPS: 60 @ webpack-internal:///(app-pages-browser)/./src/engine/core/MainLoop/mainLoop.ts:36
[  288460ms] [LOG] APS: 60 | FPS: 60 @ webpack-internal:///(app-pages-browser)/./src/engine/core/MainLoop/mainLoop.ts:36
[  289459ms] [LOG] APS: 60 | FPS: 60 @ webpack-internal:///(app-pages-browser)/./src/engine/core/MainLoop/mainLoop.ts:36
[  289460ms] [LOG] APS: 60 | FPS: 60 @ webpack-internal:///(app-pages-browser)/./src/engine/core/MainLoop/mainLoop.ts:36
[  290459ms] [LOG] APS: 60 | FPS: 60 @ webpack-internal:///(app-pages-browser)/./src/engine/core/MainLoop/mainLoop.ts:36
[  290460ms] [LOG] APS: 60 | FPS: 60 @ webpack-internal:///(app-pages-browser)/./src/engine/core/MainLoop/mainLoop.ts:36
[  291458ms] [LOG] APS: 60 | FPS: 60 @ webpack-internal:///(app-pages-browser)/./src/engine/core/MainLoop/mainLoop.ts:36
[  291459ms] [LOG] APS: 60 | FPS: 60 @ webpack-internal:///(app-pages-browser)/./src/engine/core/MainLoop/mainLoop.ts:36
[  292458ms] [LOG] APS: 60 | FPS: 60 @ webpack-internal:///(app-pages-browser)/./src/engine/core/MainLoop/mainLoop.ts:36
[  292459ms] [LOG] APS: 60 | FPS: 60 @ webpack-internal:///(app-pages-browser)/./src/engine/core/MainLoop/mainLoop.ts:36
[  293458ms] [LOG] APS: 60 | FPS: 60 @ webpack-internal:///(app-pages-browser)/./src/engine/core/MainLoop/mainLoop.ts:36
[  293459ms] [LOG] APS: 60 | FPS: 60 @ webpack-internal:///(app-pages-browser)/./src/engine/core/MainLoop/mainLoop.ts:36
[  294458ms] [LOG] APS: 60 | FPS: 60 @ webpack-internal:///(app-pages-browser)/./src/engine/core/MainLoop/mainLoop.ts:36
[  294459ms] [LOG] APS: 60 | FPS: 60 @ webpack-internal:///(app-pages-browser)/./src/engine/core/MainLoop/mainLoop.ts:36
[  295458ms] [LOG] APS: 60 | FPS: 60 @ webpack-internal:///(app-pages-browser)/./src/engine/core/MainLoop/mainLoop.ts:36
[  295459ms] [LOG] APS: 60 | FPS: 60 @ webpack-internal:///(app-pages-browser)/./src/engine/core/MainLoop/mainLoop.ts:36
[  296458ms] [LOG] APS: 60 | FPS: 60 @ webpack-internal:///(app-pages-browser)/./src/engine/core/MainLoop/mainLoop.ts:36
[  296459ms] [LOG] APS: 60 | FPS: 60 @ webpack-internal:///(app-pages-browser)/./src/engine/core/MainLoop/mainLoop.ts:36
[  297458ms] [LOG] APS: 60 | FPS: 60 @ webpack-internal:///(app-pages-browser)/./src/engine/core/MainLoop/mainLoop.ts:36
[  297459ms] [LOG] APS: 60 | FPS: 60 @ webpack-internal:///(app-pages-browser)/./src/engine/core/MainLoop/mainLoop.ts:36
[  298458ms] [LOG] APS: 60 | FPS: 60 @ webpack-internal:///(app-pages-browser)/./src/engine/core/MainLoop/mainLoop.ts:36
[  298459ms] [LOG] APS: 60 | FPS: 60 @ webpack-internal:///(app-pages-browser)/./src/engine/core/MainLoop/mainLoop.ts:36
[  299458ms] [LOG] APS: 60 | FPS: 60 @ webpack-internal:///(app-pages-browser)/./src/engine/core/MainLoop/mainLoop.ts:36
[  299459ms] [LOG] APS: 60 | FPS: 60 @ webpack-internal:///(app-pages-browser)/./src/engine/core/MainLoop/mainLoop.ts:36
[  300458ms] [LOG] APS: 60 | FPS: 60 @ webpack-internal:///(app-pages-browser)/./src/engine/core/MainLoop/mainLoop.ts:36
[  300459ms] [LOG] APS: 60 | FPS: 60 @ webpack-internal:///(app-pages-browser)/./src/engine/core/MainLoop/mainLoop.ts:36
[  301458ms] [LOG] APS: 60 | FPS: 60 @ webpack-internal:///(app-pages-browser)/./src/engine/core/MainLoop/mainLoop.ts:36
[  301459ms] [LOG] APS: 60 | FPS: 60 @ webpack-internal:///(app-pages-browser)/./src/engine/core/MainLoop/mainLoop.ts:36
[  302458ms] [LOG] APS: 60 | FPS: 60 @ webpack-internal:///(app-pages-browser)/./src/engine/core/MainLoop/mainLoop.ts:36
[  302459ms] [LOG] APS: 60 | FPS: 60 @ webpack-internal:///(app-pages-browser)/./src/engine/core/MainLoop/mainLoop.ts:36
[  303458ms] [LOG] APS: 60 | FPS: 60 @ webpack-internal:///(app-pages-browser)/./src/engine/core/MainLoop/mainLoop.ts:36
[  303459ms] [LOG] APS: 60 | FPS: 60 @ webpack-internal:///(app-pages-browser)/./src/engine/core/MainLoop/mainLoop.ts:36
[  304458ms] [LOG] APS: 60 | FPS: 60 @ webpack-internal:///(app-pages-browser)/./src/engine/core/MainLoop/mainLoop.ts:36
[  304459ms] [LOG] APS: 60 | FPS: 60 @ webpack-internal:///(app-pages-browser)/./src/engine/core/MainLoop/mainLoop.ts:36
[  305458ms] [LOG] APS: 60 | FPS: 60 @ webpack-internal:///(app-pages-browser)/./src/engine/core/MainLoop/mainLoop.ts:36
[  305459ms] [LOG] APS: 60 | FPS: 60 @ webpack-internal:///(app-pages-browser)/./src/engine/core/MainLoop/mainLoop.ts:36
[  306458ms] [LOG] APS: 60 | FPS: 60 @ webpack-internal:///(app-pages-browser)/./src/engine/core/MainLoop/mainLoop.ts:36
[  306459ms] [LOG] APS: 60 | FPS: 60 @ webpack-internal:///(app-pages-browser)/./src/engine/core/MainLoop/mainLoop.ts:36
[  307458ms] [LOG] APS: 60 | FPS: 60 @ webpack-internal:///(app-pages-browser)/./src/engine/core/MainLoop/mainLoop.ts:36
[  307459ms] [LOG] APS: 60 | FPS: 60 @ webpack-internal:///(app-pages-browser)/./src/engine/core/MainLoop/mainLoop.ts:36
[  308458ms] [LOG] APS: 60 | FPS: 60 @ webpack-internal:///(app-pages-browser)/./src/engine/core/MainLoop/mainLoop.ts:36
[  308459ms] [LOG] APS: 60 | FPS: 60 @ webpack-internal:///(app-pages-browser)/./src/engine/core/MainLoop/mainLoop.ts:36
[  309458ms] [LOG] APS: 60 | FPS: 60 @ webpack-internal:///(app-pages-browser)/./src/engine/core/MainLoop/mainLoop.ts:36
[  309459ms] [LOG] APS: 60 | FPS: 60 @ webpack-internal:///(app-pages-browser)/./src/engine/core/MainLoop/mainLoop.ts:36
[  310458ms] [LOG] APS: 60 | FPS: 60 @ webpack-internal:///(app-pages-browser)/./src/engine/core/MainLoop/mainLoop.ts:36
[  310459ms] [LOG] APS: 60 | FPS: 60 @ webpack-internal:///(app-pages-browser)/./src/engine/core/MainLoop/mainLoop.ts:36
[  311458ms] [LOG] APS: 60 | FPS: 60 @ webpack-internal:///(app-pages-browser)/./src/engine/core/MainLoop/mainLoop.ts:36
[  311459ms] [LOG] APS: 60 | FPS: 60 @ webpack-internal:///(app-pages-browser)/./src/engine/core/MainLoop/mainLoop.ts:36
[  312458ms] [LOG] APS: 60 | FPS: 60 @ webpack-internal:///(app-pages-browser)/./src/engine/core/MainLoop/mainLoop.ts:36
[  312459ms] [LOG] APS: 60 | FPS: 60 @ webpack-internal:///(app-pages-browser)/./src/engine/core/MainLoop/mainLoop.ts:36
[  313458ms] [LOG] APS: 60 | FPS: 60 @ webpack-internal:///(app-pages-browser)/./src/engine/core/MainLoop/mainLoop.ts:36
[  313459ms] [LOG] APS: 60 | FPS: 60 @ webpack-internal:///(app-pages-browser)/./src/engine/core/MainLoop/mainLoop.ts:36
[  314458ms] [LOG] APS: 60 | FPS: 60 @ webpack-internal:///(app-pages-browser)/./src/engine/core/MainLoop/mainLoop.ts:36
[  314459ms] [LOG] APS: 60 | FPS: 60 @ webpack-internal:///(app-pages-browser)/./src/engine/core/MainLoop/mainLoop.ts:36
[  315458ms] [LOG] APS: 60 | FPS: 60 @ webpack-internal:///(app-pages-browser)/./src/engine/core/MainLoop/mainLoop.ts:36
[  315459ms] [LOG] APS: 60 | FPS: 60 @ webpack-internal:///(app-pages-browser)/./src/engine/core/MainLoop/mainLoop.ts:36
[  316458ms] [LOG] APS: 60 | FPS: 60 @ webpack-internal:///(app-pages-browser)/./src/engine/core/MainLoop/mainLoop.ts:36
[  316459ms] [LOG] APS: 60 | FPS: 60 @ webpack-internal:///(app-pages-browser)/./src/engine/core/MainLoop/mainLoop.ts:36
[  317458ms] [LOG] APS: 60 | FPS: 60 @ webpack-internal:///(app-pages-browser)/./src/engine/core/MainLoop/mainLoop.ts:36
[  317459ms] [LOG] APS: 60 | FPS: 60 @ webpack-internal:///(app-pages-browser)/./src/engine/core/MainLoop/mainLoop.ts:36
[  318457ms] [LOG] APS: 60 | FPS: 60 @ webpack-internal:///(app-pages-browser)/./src/engine/core/MainLoop/mainLoop.ts:36
[  318458ms] [LOG] APS: 60 | FPS: 60 @ webpack-internal:///(app-pages-browser)/./src/engine/core/MainLoop/mainLoop.ts:36
[  319457ms] [LOG] APS: 60 | FPS: 60 @ webpack-internal:///(app-pages-browser)/./src/engine/core/MainLoop/mainLoop.ts:36
[  319458ms] [LOG] APS: 60 | FPS: 60 @ webpack-internal:///(app-pages-browser)/./src/engine/core/MainLoop/mainLoop.ts:36
[  320458ms] [LOG] APS: 60 | FPS: 60 @ webpack-internal:///(app-pages-browser)/./src/engine/core/MainLoop/mainLoop.ts:36
[  320459ms] [LOG] APS: 60 | FPS: 60 @ webpack-internal:///(app-pages-browser)/./src/engine/core/MainLoop/mainLoop.ts:36
[  321457ms] [LOG] APS: 60 | FPS: 60 @ webpack-internal:///(app-pages-browser)/./src/engine/core/MainLoop/mainLoop.ts:36
[  321458ms] [LOG] APS: 60 | FPS: 60 @ webpack-internal:///(app-pages-browser)/./src/engine/core/MainLoop/mainLoop.ts:36
[  322457ms] [LOG] APS: 60 | FPS: 60 @ webpack-internal:///(app-pages-browser)/./src/engine/core/MainLoop/mainLoop.ts:36
[  322458ms] [LOG] APS: 60 | FPS: 60 @ webpack-internal:///(app-pages-browser)/./src/engine/core/MainLoop/mainLoop.ts:36
[  323458ms] [LOG] APS: 60 | FPS: 60 @ webpack-internal:///(app-pages-browser)/./src/engine/core/MainLoop/mainLoop.ts:36
[  323459ms] [LOG] APS: 60 | FPS: 60 @ webpack-internal:///(app-pages-browser)/./src/engine/core/MainLoop/mainLoop.ts:36
[  324457ms] [LOG] APS: 60 | FPS: 60 @ webpack-internal:///(app-pages-browser)/./src/engine/core/MainLoop/mainLoop.ts:36
[  324458ms] [LOG] APS: 60 | FPS: 60 @ webpack-internal:///(app-pages-browser)/./src/engine/core/MainLoop/mainLoop.ts:36
[  325457ms] [LOG] APS: 60 | FPS: 60 @ webpack-internal:///(app-pages-browser)/./src/engine/core/MainLoop/mainLoop.ts:36
[  325458ms] [LOG] APS: 60 | FPS: 60 @ webpack-internal:///(app-pages-browser)/./src/engine/core/MainLoop/mainLoop.ts:36
[  326457ms] [LOG] APS: 60 | FPS: 60 @ webpack-internal:///(app-pages-browser)/./src/engine/core/MainLoop/mainLoop.ts:36
[  326458ms] [LOG] APS: 60 | FPS: 60 @ webpack-internal:///(app-pages-browser)/./src/engine/core/MainLoop/mainLoop.ts:36
[  327457ms] [LOG] APS: 60 | FPS: 60 @ webpack-internal:///(app-pages-browser)/./src/engine/core/MainLoop/mainLoop.ts:36
[  327458ms] [LOG] APS: 60 | FPS: 60 @ webpack-internal:///(app-pages-browser)/./src/engine/core/MainLoop/mainLoop.ts:36
[  328457ms] [LOG] APS: 60 | FPS: 60 @ webpack-internal:///(app-pages-browser)/./src/engine/core/MainLoop/mainLoop.ts:36
[  328458ms] [LOG] APS: 60 | FPS: 60 @ webpack-internal:///(app-pages-browser)/./src/engine/core/MainLoop/mainLoop.ts:36
[  329457ms] [LOG] APS: 60 | FPS: 60 @ webpack-internal:///(app-pages-browser)/./src/engine/core/MainLoop/mainLoop.ts:36
[  329458ms] [LOG] APS: 60 | FPS: 60 @ webpack-internal:///(app-pages-browser)/./src/engine/core/MainLoop/mainLoop.ts:36
[  330457ms] [LOG] APS: 60 | FPS: 60 @ webpack-internal:///(app-pages-browser)/./src/engine/core/MainLoop/mainLoop.ts:36
[  330458ms] [LOG] APS: 60 | FPS: 60 @ webpack-internal:///(app-pages-browser)/./src/engine/core/MainLoop/mainLoop.ts:36
[  331457ms] [LOG] APS: 60 | FPS: 60 @ webpack-internal:///(app-pages-browser)/./src/engine/core/MainLoop/mainLoop.ts:36
[  331458ms] [LOG] APS: 60 | FPS: 60 @ webpack-internal:///(app-pages-browser)/./src/engine/core/MainLoop/mainLoop.ts:36
[  332457ms] [LOG] APS: 60 | FPS: 60 @ webpack-internal:///(app-pages-browser)/./src/engine/core/MainLoop/mainLoop.ts:36
[  332458ms] [LOG] APS: 60 | FPS: 60 @ webpack-internal:///(app-pages-browser)/./src/engine/core/MainLoop/mainLoop.ts:36
[  333457ms] [LOG] APS: 60 | FPS: 60 @ webpack-internal:///(app-pages-browser)/./src/engine/core/MainLoop/mainLoop.ts:36
[  333458ms] [LOG] APS: 60 | FPS: 60 @ webpack-internal:///(app-pages-browser)/./src/engine/core/MainLoop/mainLoop.ts:36
[  334457ms] [LOG] APS: 60 | FPS: 60 @ webpack-internal:///(app-pages-browser)/./src/engine/core/MainLoop/mainLoop.ts:36
[  334458ms] [LOG] APS: 60 | FPS: 60 @ webpack-internal:///(app-pages-browser)/./src/engine/core/MainLoop/mainLoop.ts:36
[  335456ms] [LOG] APS: 60 | FPS: 60 @ webpack-internal:///(app-pages-browser)/./src/engine/core/MainLoop/mainLoop.ts:36
[  335457ms] [LOG] APS: 60 | FPS: 60 @ webpack-internal:///(app-pages-browser)/./src/engine/core/MainLoop/mainLoop.ts:36
[  336457ms] [LOG] APS: 60 | FPS: 60 @ webpack-internal:///(app-pages-browser)/./src/engine/core/MainLoop/mainLoop.ts:36
[  336458ms] [LOG] APS: 60 | FPS: 60 @ webpack-internal:///(app-pages-browser)/./src/engine/core/MainLoop/mainLoop.ts:36
[  337456ms] [LOG] APS: 60 | FPS: 60 @ webpack-internal:///(app-pages-browser)/./src/engine/core/MainLoop/mainLoop.ts:36
[  337457ms] [LOG] APS: 60 | FPS: 60 @ webpack-internal:///(app-pages-browser)/./src/engine/core/MainLoop/mainLoop.ts:36
[  338456ms] [LOG] APS: 60 | FPS: 60 @ webpack-internal:///(app-pages-browser)/./src/engine/core/MainLoop/mainLoop.ts:36
[  338457ms] [LOG] APS: 60 | FPS: 60 @ webpack-internal:///(app-pages-browser)/./src/engine/core/MainLoop/mainLoop.ts:36
[  339456ms] [LOG] APS: 60 | FPS: 60 @ webpack-internal:///(app-pages-browser)/./src/engine/core/MainLoop/mainLoop.ts:36
[  339457ms] [LOG] APS: 60 | FPS: 60 @ webpack-internal:///(app-pages-browser)/./src/engine/core/MainLoop/mainLoop.ts:36
[  340457ms] [LOG] APS: 60 | FPS: 60 @ webpack-internal:///(app-pages-browser)/./src/engine/core/MainLoop/mainLoop.ts:36
[  340458ms] [LOG] APS: 60 | FPS: 60 @ webpack-internal:///(app-pages-browser)/./src/engine/core/MainLoop/mainLoop.ts:36
[  341456ms] [LOG] APS: 60 | FPS: 60 @ webpack-internal:///(app-pages-browser)/./src/engine/core/MainLoop/mainLoop.ts:36
[  341457ms] [LOG] APS: 60 | FPS: 60 @ webpack-internal:///(app-pages-browser)/./src/engine/core/MainLoop/mainLoop.ts:36
[  342457ms] [LOG] APS: 60 | FPS: 60 @ webpack-internal:///(app-pages-browser)/./src/engine/core/MainLoop/mainLoop.ts:36
[  342458ms] [LOG] APS: 60 | FPS: 60 @ webpack-internal:///(app-pages-browser)/./src/engine/core/MainLoop/mainLoop.ts:36
[  343456ms] [LOG] APS: 60 | FPS: 60 @ webpack-internal:///(app-pages-browser)/./src/engine/core/MainLoop/mainLoop.ts:36
[  343457ms] [LOG] APS: 60 | FPS: 60 @ webpack-internal:///(app-pages-browser)/./src/engine/core/MainLoop/mainLoop.ts:36
[  344457ms] [LOG] APS: 60 | FPS: 60 @ webpack-internal:///(app-pages-browser)/./src/engine/core/MainLoop/mainLoop.ts:36
[  344458ms] [LOG] APS: 60 | FPS: 60 @ webpack-internal:///(app-pages-browser)/./src/engine/core/MainLoop/mainLoop.ts:36
[  345456ms] [LOG] APS: 60 | FPS: 60 @ webpack-internal:///(app-pages-browser)/./src/engine/core/MainLoop/mainLoop.ts:36
[  345457ms] [LOG] APS: 60 | FPS: 60 @ webpack-internal:///(app-pages-browser)/./src/engine/core/MainLoop/mainLoop.ts:36
[  346456ms] [LOG] APS: 60 | FPS: 60 @ webpack-internal:///(app-pages-browser)/./src/engine/core/MainLoop/mainLoop.ts:36
[  346457ms] [LOG] APS: 60 | FPS: 60 @ webpack-internal:///(app-pages-browser)/./src/engine/core/MainLoop/mainLoop.ts:36
[  347456ms] [LOG] APS: 60 | FPS: 60 @ webpack-internal:///(app-pages-browser)/./src/engine/core/MainLoop/mainLoop.ts:36
[  347457ms] [LOG] APS: 60 | FPS: 60 @ webpack-internal:///(app-pages-browser)/./src/engine/core/MainLoop/mainLoop.ts:36
[  348456ms] [LOG] APS: 60 | FPS: 60 @ webpack-internal:///(app-pages-browser)/./src/engine/core/MainLoop/mainLoop.ts:36
[  348457ms] [LOG] APS: 60 | FPS: 60 @ webpack-internal:///(app-pages-browser)/./src/engine/core/MainLoop/mainLoop.ts:36
[  349456ms] [LOG] APS: 60 | FPS: 60 @ webpack-internal:///(app-pages-browser)/./src/engine/core/MainLoop/mainLoop.ts:36
[  349458ms] [LOG] APS: 60 | FPS: 60 @ webpack-internal:///(app-pages-browser)/./src/engine/core/MainLoop/mainLoop.ts:36
[  350456ms] [LOG] APS: 60 | FPS: 60 @ webpack-internal:///(app-pages-browser)/./src/engine/core/MainLoop/mainLoop.ts:36
[  350457ms] [LOG] APS: 60 | FPS: 60 @ webpack-internal:///(app-pages-browser)/./src/engine/core/MainLoop/mainLoop.ts:36
[  351455ms] [LOG] APS: 60 | FPS: 60 @ webpack-internal:///(app-pages-browser)/./src/engine/core/MainLoop/mainLoop.ts:36
[  351456ms] [LOG] APS: 60 | FPS: 60 @ webpack-internal:///(app-pages-browser)/./src/engine/core/MainLoop/mainLoop.ts:36
[  352456ms] [LOG] APS: 60 | FPS: 60 @ webpack-internal:///(app-pages-browser)/./src/engine/core/MainLoop/mainLoop.ts:36
[  352457ms] [LOG] APS: 60 | FPS: 60 @ webpack-internal:///(app-pages-browser)/./src/engine/core/MainLoop/mainLoop.ts:36
[  353456ms] [LOG] APS: 60 | FPS: 60 @ webpack-internal:///(app-pages-browser)/./src/engine/core/MainLoop/mainLoop.ts:36
[  353457ms] [LOG] APS: 60 | FPS: 60 @ webpack-internal:///(app-pages-browser)/./src/engine/core/MainLoop/mainLoop.ts:36
[  354456ms] [LOG] APS: 60 | FPS: 60 @ webpack-internal:///(app-pages-browser)/./src/engine/core/MainLoop/mainLoop.ts:36
[  354457ms] [LOG] APS: 60 | FPS: 60 @ webpack-internal:///(app-pages-browser)/./src/engine/core/MainLoop/mainLoop.ts:36
[  355456ms] [LOG] APS: 60 | FPS: 60 @ webpack-internal:///(app-pages-browser)/./src/engine/core/MainLoop/mainLoop.ts:36
[  355457ms] [LOG] APS: 60 | FPS: 60 @ webpack-internal:///(app-pages-browser)/./src/engine/core/MainLoop/mainLoop.ts:36
[  356456ms] [LOG] APS: 60 | FPS: 60 @ webpack-internal:///(app-pages-browser)/./src/engine/core/MainLoop/mainLoop.ts:36
[  356457ms] [LOG] APS: 60 | FPS: 60 @ webpack-internal:///(app-pages-browser)/./src/engine/core/MainLoop/mainLoop.ts:36
[  357456ms] [LOG] APS: 60 | FPS: 60 @ webpack-internal:///(app-pages-browser)/./src/engine/core/MainLoop/mainLoop.ts:36
[  357457ms] [LOG] APS: 60 | FPS: 60 @ webpack-internal:///(app-pages-browser)/./src/engine/core/MainLoop/mainLoop.ts:36
[  358456ms] [LOG] APS: 60 | FPS: 60 @ webpack-internal:///(app-pages-browser)/./src/engine/core/MainLoop/mainLoop.ts:36
[  358457ms] [LOG] APS: 60 | FPS: 60 @ webpack-internal:///(app-pages-browser)/./src/engine/core/MainLoop/mainLoop.ts:36
[  359455ms] [LOG] APS: 60 | FPS: 60 @ webpack-internal:///(app-pages-browser)/./src/engine/core/MainLoop/mainLoop.ts:36
[  359456ms] [LOG] APS: 60 | FPS: 60 @ webpack-internal:///(app-pages-browser)/./src/engine/core/MainLoop/mainLoop.ts:36
[  360456ms] [LOG] APS: 60 | FPS: 60 @ webpack-internal:///(app-pages-browser)/./src/engine/core/MainLoop/mainLoop.ts:36
[  360457ms] [LOG] APS: 60 | FPS: 60 @ webpack-internal:///(app-pages-browser)/./src/engine/core/MainLoop/mainLoop.ts:36
[  361455ms] [LOG] APS: 60 | FPS: 60 @ webpack-internal:///(app-pages-browser)/./src/engine/core/MainLoop/mainLoop.ts:36
[  361456ms] [LOG] APS: 60 | FPS: 60 @ webpack-internal:///(app-pages-browser)/./src/engine/core/MainLoop/mainLoop.ts:36
[  362456ms] [LOG] APS: 60 | FPS: 60 @ webpack-internal:///(app-pages-browser)/./src/engine/core/MainLoop/mainLoop.ts:36
[  362457ms] [LOG] APS: 60 | FPS: 60 @ webpack-internal:///(app-pages-browser)/./src/engine/core/MainLoop/mainLoop.ts:36
[  363455ms] [LOG] APS: 60 | FPS: 60 @ webpack-internal:///(app-pages-browser)/./src/engine/core/MainLoop/mainLoop.ts:36
[  363456ms] [LOG] APS: 60 | FPS: 60 @ webpack-internal:///(app-pages-browser)/./src/engine/core/MainLoop/mainLoop.ts:36
[  364456ms] [LOG] APS: 60 | FPS: 60 @ webpack-internal:///(app-pages-browser)/./src/engine/core/MainLoop/mainLoop.ts:36
[  364457ms] [LOG] APS: 60 | FPS: 60 @ webpack-internal:///(app-pages-browser)/./src/engine/core/MainLoop/mainLoop.ts:36
[  365455ms] [LOG] APS: 60 | FPS: 60 @ webpack-internal:///(app-pages-browser)/./src/engine/core/MainLoop/mainLoop.ts:36
[  365456ms] [LOG] APS: 60 | FPS: 60 @ webpack-internal:///(app-pages-browser)/./src/engine/core/MainLoop/mainLoop.ts:36
[  366455ms] [LOG] APS: 60 | FPS: 60 @ webpack-internal:///(app-pages-browser)/./src/engine/core/MainLoop/mainLoop.ts:36
[  366456ms] [LOG] APS: 60 | FPS: 60 @ webpack-internal:///(app-pages-browser)/./src/engine/core/MainLoop/mainLoop.ts:36
[  367456ms] [LOG] APS: 60 | FPS: 60 @ webpack-internal:///(app-pages-browser)/./src/engine/core/MainLoop/mainLoop.ts:36
[  367457ms] [LOG] APS: 60 | FPS: 60 @ webpack-internal:///(app-pages-browser)/./src/engine/core/MainLoop/mainLoop.ts:36
[  368455ms] [LOG] APS: 60 | FPS: 60 @ webpack-internal:///(app-pages-browser)/./src/engine/core/MainLoop/mainLoop.ts:36
[  368456ms] [LOG] APS: 60 | FPS: 60 @ webpack-internal:///(app-pages-browser)/./src/engine/core/MainLoop/mainLoop.ts:36
[  369455ms] [LOG] APS: 60 | FPS: 60 @ webpack-internal:///(app-pages-browser)/./src/engine/core/MainLoop/mainLoop.ts:36
[  369456ms] [LOG] APS: 60 | FPS: 60 @ webpack-internal:///(app-pages-browser)/./src/engine/core/MainLoop/mainLoop.ts:36
[  370456ms] [LOG] APS: 60 | FPS: 60 @ webpack-internal:///(app-pages-browser)/./src/engine/core/MainLoop/mainLoop.ts:36
[  370457ms] [LOG] APS: 60 | FPS: 60 @ webpack-internal:///(app-pages-browser)/./src/engine/core/MainLoop/mainLoop.ts:36
[  371456ms] [LOG] APS: 60 | FPS: 60 @ webpack-internal:///(app-pages-browser)/./src/engine/core/MainLoop/mainLoop.ts:36
[  371457ms] [LOG] APS: 60 | FPS: 60 @ webpack-internal:///(app-pages-browser)/./src/engine/core/MainLoop/mainLoop.ts:36
[  372456ms] [LOG] APS: 60 | FPS: 60 @ webpack-internal:///(app-pages-browser)/./src/engine/core/MainLoop/mainLoop.ts:36
[  372457ms] [LOG] APS: 60 | FPS: 60 @ webpack-internal:///(app-pages-browser)/./src/engine/core/MainLoop/mainLoop.ts:36
[  373456ms] [LOG] APS: 60 | FPS: 60 @ webpack-internal:///(app-pages-browser)/./src/engine/core/MainLoop/mainLoop.ts:36
[  373457ms] [LOG] APS: 60 | FPS: 60 @ webpack-internal:///(app-pages-browser)/./src/engine/core/MainLoop/mainLoop.ts:36
[  374455ms] [LOG] APS: 60 | FPS: 60 @ webpack-internal:///(app-pages-browser)/./src/engine/core/MainLoop/mainLoop.ts:36
[  374456ms] [LOG] APS: 60 | FPS: 60 @ webpack-internal:///(app-pages-browser)/./src/engine/core/MainLoop/mainLoop.ts:36
[  375455ms] [LOG] APS: 60 | FPS: 60 @ webpack-internal:///(app-pages-browser)/./src/engine/core/MainLoop/mainLoop.ts:36
[  375456ms] [LOG] APS: 60 | FPS: 60 @ webpack-internal:///(app-pages-browser)/./src/engine/core/MainLoop/mainLoop.ts:36
[  376455ms] [LOG] APS: 60 | FPS: 60 @ webpack-internal:///(app-pages-browser)/./src/engine/core/MainLoop/mainLoop.ts:36
[  376456ms] [LOG] APS: 60 | FPS: 60 @ webpack-internal:///(app-pages-browser)/./src/engine/core/MainLoop/mainLoop.ts:36
[  377455ms] [LOG] APS: 60 | FPS: 60 @ webpack-internal:///(app-pages-browser)/./src/engine/core/MainLoop/mainLoop.ts:36
[  377456ms] [LOG] APS: 60 | FPS: 60 @ webpack-internal:///(app-pages-browser)/./src/engine/core/MainLoop/mainLoop.ts:36
[  378455ms] [LOG] APS: 60 | FPS: 60 @ webpack-internal:///(app-pages-browser)/./src/engine/core/MainLoop/mainLoop.ts:36
[  378456ms] [LOG] APS: 60 | FPS: 60 @ webpack-internal:///(app-pages-browser)/./src/engine/core/MainLoop/mainLoop.ts:36
[  379455ms] [LOG] APS: 60 | FPS: 60 @ webpack-internal:///(app-pages-browser)/./src/engine/core/MainLoop/mainLoop.ts:36
[  379456ms] [LOG] APS: 60 | FPS: 60 @ webpack-internal:///(app-pages-browser)/./src/engine/core/MainLoop/mainLoop.ts:36
[  380455ms] [LOG] APS: 60 | FPS: 60 @ webpack-internal:///(app-pages-browser)/./src/engine/core/MainLoop/mainLoop.ts:36
[  380456ms] [LOG] APS: 60 | FPS: 60 @ webpack-internal:///(app-pages-browser)/./src/engine/core/MainLoop/mainLoop.ts:36
[  381455ms] [LOG] APS: 60 | FPS: 60 @ webpack-internal:///(app-pages-browser)/./src/engine/core/MainLoop/mainLoop.ts:36
[  381456ms] [LOG] APS: 60 | FPS: 60 @ webpack-internal:///(app-pages-browser)/./src/engine/core/MainLoop/mainLoop.ts:36
[  382455ms] [LOG] APS: 60 | FPS: 60 @ webpack-internal:///(app-pages-browser)/./src/engine/core/MainLoop/mainLoop.ts:36
[  382456ms] [LOG] APS: 60 | FPS: 60 @ webpack-internal:///(app-pages-browser)/./src/engine/core/MainLoop/mainLoop.ts:36
[  383455ms] [LOG] APS: 60 | FPS: 60 @ webpack-internal:///(app-pages-browser)/./src/engine/core/MainLoop/mainLoop.ts:36
[  383456ms] [LOG] APS: 60 | FPS: 60 @ webpack-internal:///(app-pages-browser)/./src/engine/core/MainLoop/mainLoop.ts:36
[  384455ms] [LOG] APS: 60 | FPS: 60 @ webpack-internal:///(app-pages-browser)/./src/engine/core/MainLoop/mainLoop.ts:36
[  384456ms] [LOG] APS: 60 | FPS: 60 @ webpack-internal:///(app-pages-browser)/./src/engine/core/MainLoop/mainLoop.ts:36
[  385455ms] [LOG] APS: 60 | FPS: 60 @ webpack-internal:///(app-pages-browser)/./src/engine/core/MainLoop/mainLoop.ts:36
[  385456ms] [LOG] APS: 60 | FPS: 60 @ webpack-internal:///(app-pages-browser)/./src/engine/core/MainLoop/mainLoop.ts:36
[  386454ms] [LOG] APS: 60 | FPS: 60 @ webpack-internal:///(app-pages-browser)/./src/engine/core/MainLoop/mainLoop.ts:36
[  386455ms] [LOG] APS: 60 | FPS: 60 @ webpack-internal:///(app-pages-browser)/./src/engine/core/MainLoop/mainLoop.ts:36
[  387454ms] [LOG] APS: 60 | FPS: 60 @ webpack-internal:///(app-pages-browser)/./src/engine/core/MainLoop/mainLoop.ts:36
[  387456ms] [LOG] APS: 60 | FPS: 60 @ webpack-internal:///(app-pages-browser)/./src/engine/core/MainLoop/mainLoop.ts:36
[  388455ms] [LOG] APS: 60 | FPS: 60 @ webpack-internal:///(app-pages-browser)/./src/engine/core/MainLoop/mainLoop.ts:36
[  388456ms] [LOG] APS: 60 | FPS: 60 @ webpack-internal:///(app-pages-browser)/./src/engine/core/MainLoop/mainLoop.ts:36
[  389455ms] [LOG] APS: 60 | FPS: 60 @ webpack-internal:///(app-pages-browser)/./src/engine/core/MainLoop/mainLoop.ts:36
[  389456ms] [LOG] APS: 60 | FPS: 60 @ webpack-internal:///(app-pages-browser)/./src/engine/core/MainLoop/mainLoop.ts:36
[  390455ms] [LOG] APS: 60 | FPS: 60 @ webpack-internal:///(app-pages-browser)/./src/engine/core/MainLoop/mainLoop.ts:36
[  390456ms] [LOG] APS: 60 | FPS: 60 @ webpack-internal:///(app-pages-browser)/./src/engine/core/MainLoop/mainLoop.ts:36
[  391455ms] [LOG] APS: 60 | FPS: 60 @ webpack-internal:///(app-pages-browser)/./src/engine/core/MainLoop/mainLoop.ts:36
[  391456ms] [LOG] APS: 60 | FPS: 60 @ webpack-internal:///(app-pages-browser)/./src/engine/core/MainLoop/mainLoop.ts:36
[  392455ms] [LOG] APS: 60 | FPS: 60 @ webpack-internal:///(app-pages-browser)/./src/engine/core/MainLoop/mainLoop.ts:36
[  392456ms] [LOG] APS: 60 | FPS: 60 @ webpack-internal:///(app-pages-browser)/./src/engine/core/MainLoop/mainLoop.ts:36
[  393455ms] [LOG] APS: 60 | FPS: 60 @ webpack-internal:///(app-pages-browser)/./src/engine/core/MainLoop/mainLoop.ts:36
[  393456ms] [LOG] APS: 60 | FPS: 60 @ webpack-internal:///(app-pages-browser)/./src/engine/core/MainLoop/mainLoop.ts:36
[  394455ms] [LOG] APS: 60 | FPS: 60 @ webpack-internal:///(app-pages-browser)/./src/engine/core/MainLoop/mainLoop.ts:36
[  394456ms] [LOG] APS: 60 | FPS: 60 @ webpack-internal:///(app-pages-browser)/./src/engine/core/MainLoop/mainLoop.ts:36
[  395455ms] [LOG] APS: 60 | FPS: 60 @ webpack-internal:///(app-pages-browser)/./src/engine/core/MainLoop/mainLoop.ts:36
[  395456ms] [LOG] APS: 60 | FPS: 60 @ webpack-internal:///(app-pages-browser)/./src/engine/core/MainLoop/mainLoop.ts:36
[  396455ms] [LOG] APS: 60 | FPS: 60 @ webpack-internal:///(app-pages-browser)/./src/engine/core/MainLoop/mainLoop.ts:36
[  396456ms] [LOG] APS: 60 | FPS: 60 @ webpack-internal:///(app-pages-browser)/./src/engine/core/MainLoop/mainLoop.ts:36
[  397454ms] [LOG] APS: 60 | FPS: 60 @ webpack-internal:///(app-pages-browser)/./src/engine/core/MainLoop/mainLoop.ts:36
[  397455ms] [LOG] APS: 60 | FPS: 60 @ webpack-internal:///(app-pages-browser)/./src/engine/core/MainLoop/mainLoop.ts:36
[  398455ms] [LOG] APS: 60 | FPS: 60 @ webpack-internal:///(app-pages-browser)/./src/engine/core/MainLoop/mainLoop.ts:36
[  398456ms] [LOG] APS: 60 | FPS: 60 @ webpack-internal:///(app-pages-browser)/./src/engine/core/MainLoop/mainLoop.ts:36
[  399455ms] [LOG] APS: 60 | FPS: 60 @ webpack-internal:///(app-pages-browser)/./src/engine/core/MainLoop/mainLoop.ts:36
[  399455ms] [LOG] APS: 60 | FPS: 60 @ webpack-internal:///(app-pages-browser)/./src/engine/core/MainLoop/mainLoop.ts:36
[  400454ms] [LOG] APS: 60 | FPS: 60 @ webpack-internal:///(app-pages-browser)/./src/engine/core/MainLoop/mainLoop.ts:36
[  400455ms] [LOG] APS: 60 | FPS: 60 @ webpack-internal:///(app-pages-browser)/./src/engine/core/MainLoop/mainLoop.ts:36
[  401454ms] [LOG] APS: 60 | FPS: 60 @ webpack-internal:///(app-pages-browser)/./src/engine/core/MainLoop/mainLoop.ts:36
[  401455ms] [LOG] APS: 60 | FPS: 60 @ webpack-internal:///(app-pages-browser)/./src/engine/core/MainLoop/mainLoop.ts:36
[  402454ms] [LOG] APS: 60 | FPS: 60 @ webpack-internal:///(app-pages-browser)/./src/engine/core/MainLoop/mainLoop.ts:36
[  402454ms] [LOG] APS: 60 | FPS: 60 @ webpack-internal:///(app-pages-browser)/./src/engine/core/MainLoop/mainLoop.ts:36
[  402727ms] [LOG] [Fast Refresh] rebuilding @ webpack-internal:///(app-pages-browser)/./node_modules/next/dist/client/components/react-dev-overlay/app/hot-reloader-client.js:186
[  402937ms] [LOG] [Fast Refresh] done in 211ms @ webpack-internal:///(app-pages-browser)/./node_modules/next/dist/client/components/react-dev-overlay/app/hot-reloader-client.js:43
[  403032ms] [LOG] [Fast Refresh] done in 306ms @ webpack-internal:///(app-pages-browser)/./node_modules/next/dist/client/components/react-dev-overlay/app/hot-reloader-client.js:43
[  403453ms] [LOG] APS: 60 | FPS: 60 @ webpack-internal:///(app-pages-browser)/./src/engine/core/MainLoop/mainLoop.ts:36
[  404055ms] [LOG] APS: 62 | FPS: 62 @ webpack-internal:///(app-pages-browser)/./src/engine/core/MainLoop/mainLoop.ts:36
[  404454ms] [LOG] APS: 60 | FPS: 60 @ webpack-internal:///(app-pages-browser)/./src/engine/core/MainLoop/mainLoop.ts:36
[  405055ms] [LOG] APS: 60 | FPS: 60 @ webpack-internal:///(app-pages-browser)/./src/engine/core/MainLoop/mainLoop.ts:36
[  405454ms] [LOG] APS: 60 | FPS: 60 @ webpack-internal:///(app-pages-browser)/./src/engine/core/MainLoop/mainLoop.ts:36
[  406054ms] [LOG] APS: 60 | FPS: 60 @ webpack-internal:///(app-pages-browser)/./src/engine/core/MainLoop/mainLoop.ts:36
[  406454ms] [LOG] APS: 60 | FPS: 60 @ webpack-internal:///(app-pages-browser)/./src/engine/core/MainLoop/mainLoop.ts:36
[  407055ms] [LOG] APS: 60 | FPS: 60 @ webpack-internal:///(app-pages-browser)/./src/engine/core/MainLoop/mainLoop.ts:36
[  407454ms] [LOG] APS: 60 | FPS: 60 @ webpack-internal:///(app-pages-browser)/./src/engine/core/MainLoop/mainLoop.ts:36
[  408055ms] [LOG] APS: 60 | FPS: 60 @ webpack-internal:///(app-pages-browser)/./src/engine/core/MainLoop/mainLoop.ts:36
[  408453ms] [LOG] APS: 60 | FPS: 60 @ webpack-internal:///(app-pages-browser)/./src/engine/core/MainLoop/mainLoop.ts:36
[  409055ms] [LOG] APS: 60 | FPS: 60 @ webpack-internal:///(app-pages-browser)/./src/engine/core/MainLoop/mainLoop.ts:36
[  409454ms] [LOG] APS: 60 | FPS: 60 @ webpack-internal:///(app-pages-browser)/./src/engine/core/MainLoop/mainLoop.ts:36
[  410055ms] [LOG] APS: 60 | FPS: 60 @ webpack-internal:///(app-pages-browser)/./src/engine/core/MainLoop/mainLoop.ts:36
[  410454ms] [LOG] APS: 60 | FPS: 60 @ webpack-internal:///(app-pages-browser)/./src/engine/core/MainLoop/mainLoop.ts:36
[  411055ms] [LOG] APS: 60 | FPS: 60 @ webpack-internal:///(app-pages-browser)/./src/engine/core/MainLoop/mainLoop.ts:36
[  411454ms] [LOG] APS: 60 | FPS: 60 @ webpack-internal:///(app-pages-browser)/./src/engine/core/MainLoop/mainLoop.ts:36
[  412055ms] [LOG] APS: 60 | FPS: 60 @ webpack-internal:///(app-pages-browser)/./src/engine/core/MainLoop/mainLoop.ts:36
[  412454ms] [LOG] APS: 60 | FPS: 60 @ webpack-internal:///(app-pages-browser)/./src/engine/core/MainLoop/mainLoop.ts:36
[  413055ms] [LOG] APS: 60 | FPS: 60 @ webpack-internal:///(app-pages-browser)/./src/engine/core/MainLoop/mainLoop.ts:36
[  413453ms] [LOG] APS: 60 | FPS: 60 @ webpack-internal:///(app-pages-browser)/./src/engine/core/MainLoop/mainLoop.ts:36
[  414055ms] [LOG] APS: 60 | FPS: 60 @ webpack-internal:///(app-pages-browser)/./src/engine/core/MainLoop/mainLoop.ts:36
[  414454ms] [LOG] APS: 60 | FPS: 60 @ webpack-internal:///(app-pages-browser)/./src/engine/core/MainLoop/mainLoop.ts:36
[  415055ms] [LOG] APS: 60 | FPS: 60 @ webpack-internal:///(app-pages-browser)/./src/engine/core/MainLoop/mainLoop.ts:36
[  415454ms] [LOG] APS: 60 | FPS: 60 @ webpack-internal:///(app-pages-browser)/./src/engine/core/MainLoop/mainLoop.ts:36
[  416055ms] [LOG] APS: 60 | FPS: 60 @ webpack-internal:///(app-pages-browser)/./src/engine/core/MainLoop/mainLoop.ts:36
[  416454ms] [LOG] APS: 60 | FPS: 60 @ webpack-internal:///(app-pages-browser)/./src/engine/core/MainLoop/mainLoop.ts:36
[  417054ms] [LOG] APS: 60 | FPS: 60 @ webpack-internal:///(app-pages-browser)/./src/engine/core/MainLoop/mainLoop.ts:36
[  417454ms] [LOG] APS: 60 | FPS: 60 @ webpack-internal:///(app-pages-browser)/./src/engine/core/MainLoop/mainLoop.ts:36
[  418055ms] [LOG] APS: 60 | FPS: 60 @ webpack-internal:///(app-pages-browser)/./src/engine/core/MainLoop/mainLoop.ts:36
[  418453ms] [LOG] APS: 60 | FPS: 60 @ webpack-internal:///(app-pages-browser)/./src/engine/core/MainLoop/mainLoop.ts:36
[  419055ms] [LOG] APS: 60 | FPS: 60 @ webpack-internal:///(app-pages-browser)/./src/engine/core/MainLoop/mainLoop.ts:36
[  419454ms] [LOG] APS: 60 | FPS: 60 @ webpack-internal:///(app-pages-browser)/./src/engine/core/MainLoop/mainLoop.ts:36
[  420054ms] [LOG] APS: 60 | FPS: 60 @ webpack-internal:///(app-pages-browser)/./src/engine/core/MainLoop/mainLoop.ts:36
[  420454ms] [LOG] APS: 60 | FPS: 60 @ webpack-internal:///(app-pages-browser)/./src/engine/core/MainLoop/mainLoop.ts:36
[  421055ms] [LOG] APS: 60 | FPS: 60 @ webpack-internal:///(app-pages-browser)/./src/engine/core/MainLoop/mainLoop.ts:36
[  421454ms] [LOG] APS: 60 | FPS: 60 @ webpack-internal:///(app-pages-browser)/./src/engine/core/MainLoop/mainLoop.ts:36
[  422054ms] [LOG] APS: 60 | FPS: 60 @ webpack-internal:///(app-pages-browser)/./src/engine/core/MainLoop/mainLoop.ts:36
[  422454ms] [LOG] APS: 60 | FPS: 60 @ webpack-internal:///(app-pages-browser)/./src/engine/core/MainLoop/mainLoop.ts:36
[  423054ms] [LOG] APS: 60 | FPS: 60 @ webpack-internal:///(app-pages-browser)/./src/engine/core/MainLoop/mainLoop.ts:36
[  423453ms] [LOG] APS: 60 | FPS: 60 @ webpack-internal:///(app-pages-browser)/./src/engine/core/MainLoop/mainLoop.ts:36
[  424054ms] [LOG] APS: 60 | FPS: 60 @ webpack-internal:///(app-pages-browser)/./src/engine/core/MainLoop/mainLoop.ts:36
[  424453ms] [LOG] APS: 60 | FPS: 60 @ webpack-internal:///(app-pages-browser)/./src/engine/core/MainLoop/mainLoop.ts:36
[  425054ms] [LOG] APS: 60 | FPS: 60 @ webpack-internal:///(app-pages-browser)/./src/engine/core/MainLoop/mainLoop.ts:36
[  425453ms] [LOG] APS: 60 | FPS: 60 @ webpack-internal:///(app-pages-browser)/./src/engine/core/MainLoop/mainLoop.ts:36
[  426054ms] [LOG] APS: 60 | FPS: 60 @ webpack-internal:///(app-pages-browser)/./src/engine/core/MainLoop/mainLoop.ts:36
[  426453ms] [LOG] APS: 60 | FPS: 60 @ webpack-internal:///(app-pages-browser)/./src/engine/core/MainLoop/mainLoop.ts:36
[  427054ms] [LOG] APS: 60 | FPS: 60 @ webpack-internal:///(app-pages-browser)/./src/engine/core/MainLoop/mainLoop.ts:36
[  427453ms] [LOG] APS: 60 | FPS: 60 @ webpack-internal:///(app-pages-browser)/./src/engine/core/MainLoop/mainLoop.ts:36
[  428054ms] [LOG] APS: 60 | FPS: 60 @ webpack-internal:///(app-pages-browser)/./src/engine/core/MainLoop/mainLoop.ts:36
[  428453ms] [LOG] APS: 60 | FPS: 60 @ webpack-internal:///(app-pages-browser)/./src/engine/core/MainLoop/mainLoop.ts:36
[  429054ms] [LOG] APS: 60 | FPS: 60 @ webpack-internal:///(app-pages-browser)/./src/engine/core/MainLoop/mainLoop.ts:36
[  429453ms] [LOG] APS: 60 | FPS: 60 @ webpack-internal:///(app-pages-browser)/./src/engine/core/MainLoop/mainLoop.ts:36
[  430054ms] [LOG] APS: 60 | FPS: 60 @ webpack-internal:///(app-pages-browser)/./src/engine/core/MainLoop/mainLoop.ts:36
[  430453ms] [LOG] APS: 60 | FPS: 60 @ webpack-internal:///(app-pages-browser)/./src/engine/core/MainLoop/mainLoop.ts:36
[  431054ms] [LOG] APS: 60 | FPS: 60 @ webpack-internal:///(app-pages-browser)/./src/engine/core/MainLoop/mainLoop.ts:36
[  431453ms] [LOG] APS: 60 | FPS: 60 @ webpack-internal:///(app-pages-browser)/./src/engine/core/MainLoop/mainLoop.ts:36
[  432054ms] [LOG] APS: 60 | FPS: 60 @ webpack-internal:///(app-pages-browser)/./src/engine/core/MainLoop/mainLoop.ts:36
[  432453ms] [LOG] APS: 60 | FPS: 60 @ webpack-internal:///(app-pages-browser)/./src/engine/core/MainLoop/mainLoop.ts:36
[  433054ms] [LOG] APS: 60 | FPS: 60 @ webpack-internal:///(app-pages-browser)/./src/engine/core/MainLoop/mainLoop.ts:36
[  433453ms] [LOG] APS: 60 | FPS: 60 @ webpack-internal:///(app-pages-browser)/./src/engine/core/MainLoop/mainLoop.ts:36
[  434054ms] [LOG] APS: 60 | FPS: 60 @ webpack-internal:///(app-pages-browser)/./src/engine/core/MainLoop/mainLoop.ts:36
[  434453ms] [LOG] APS: 60 | FPS: 60 @ webpack-internal:///(app-pages-browser)/./src/engine/core/MainLoop/mainLoop.ts:36
[  435054ms] [LOG] APS: 60 | FPS: 60 @ webpack-internal:///(app-pages-browser)/./src/engine/core/MainLoop/mainLoop.ts:36
[  435453ms] [LOG] APS: 60 | FPS: 60 @ webpack-internal:///(app-pages-browser)/./src/engine/core/MainLoop/mainLoop.ts:36
[  436054ms] [LOG] APS: 60 | FPS: 60 @ webpack-internal:///(app-pages-browser)/./src/engine/core/MainLoop/mainLoop.ts:36
[  436453ms] [LOG] APS: 60 | FPS: 60 @ webpack-internal:///(app-pages-browser)/./src/engine/core/MainLoop/mainLoop.ts:36
[  437054ms] [LOG] APS: 60 | FPS: 60 @ webpack-internal:///(app-pages-browser)/./src/engine/core/MainLoop/mainLoop.ts:36
[  437453ms] [LOG] APS: 60 | FPS: 60 @ webpack-internal:///(app-pages-browser)/./src/engine/core/MainLoop/mainLoop.ts:36
[  438054ms] [LOG] APS: 60 | FPS: 60 @ webpack-internal:///(app-pages-browser)/./src/engine/core/MainLoop/mainLoop.ts:36
[  438453ms] [LOG] APS: 60 | FPS: 60 @ webpack-internal:///(app-pages-browser)/./src/engine/core/MainLoop/mainLoop.ts:36
[  439054ms] [LOG] APS: 60 | FPS: 60 @ webpack-internal:///(app-pages-browser)/./src/engine/core/MainLoop/mainLoop.ts:36
[  439453ms] [LOG] APS: 60 | FPS: 60 @ webpack-internal:///(app-pages-browser)/./src/engine/core/MainLoop/mainLoop.ts:36
[  440054ms] [LOG] APS: 60 | FPS: 60 @ webpack-internal:///(app-pages-browser)/./src/engine/core/MainLoop/mainLoop.ts:36
[  440453ms] [LOG] APS: 60 | FPS: 60 @ webpack-internal:///(app-pages-browser)/./src/engine/core/MainLoop/mainLoop.ts:36
[  441054ms] [LOG] APS: 60 | FPS: 60 @ webpack-internal:///(app-pages-browser)/./src/engine/core/MainLoop/mainLoop.ts:36
[  441453ms] [LOG] APS: 60 | FPS: 60 @ webpack-internal:///(app-pages-browser)/./src/engine/core/MainLoop/mainLoop.ts:36
[  442054ms] [LOG] APS: 60 | FPS: 60 @ webpack-internal:///(app-pages-browser)/./src/engine/core/MainLoop/mainLoop.ts:36
[  442453ms] [LOG] APS: 60 | FPS: 60 @ webpack-internal:///(app-pages-browser)/./src/engine/core/MainLoop/mainLoop.ts:36
[  443054ms] [LOG] APS: 60 | FPS: 60 @ webpack-internal:///(app-pages-browser)/./src/engine/core/MainLoop/mainLoop.ts:36
[  443453ms] [LOG] APS: 60 | FPS: 60 @ webpack-internal:///(app-pages-browser)/./src/engine/core/MainLoop/mainLoop.ts:36
[  444054ms] [LOG] APS: 60 | FPS: 60 @ webpack-internal:///(app-pages-browser)/./src/engine/core/MainLoop/mainLoop.ts:36
[  444453ms] [LOG] APS: 60 | FPS: 60 @ webpack-internal:///(app-pages-browser)/./src/engine/core/MainLoop/mainLoop.ts:36
[  445054ms] [LOG] APS: 60 | FPS: 60 @ webpack-internal:///(app-pages-browser)/./src/engine/core/MainLoop/mainLoop.ts:36
[  445452ms] [LOG] APS: 60 | FPS: 60 @ webpack-internal:///(app-pages-browser)/./src/engine/core/MainLoop/mainLoop.ts:36
[  446054ms] [LOG] APS: 60 | FPS: 60 @ webpack-internal:///(app-pages-browser)/./src/engine/core/MainLoop/mainLoop.ts:36
[  446453ms] [LOG] APS: 60 | FPS: 60 @ webpack-internal:///(app-pages-browser)/./src/engine/core/MainLoop/mainLoop.ts:36
[  447054ms] [LOG] APS: 60 | FPS: 60 @ webpack-internal:///(app-pages-browser)/./src/engine/core/MainLoop/mainLoop.ts:36
[  447453ms] [LOG] APS: 60 | FPS: 60 @ webpack-internal:///(app-pages-browser)/./src/engine/core/MainLoop/mainLoop.ts:36
[  448053ms] [LOG] APS: 60 | FPS: 60 @ webpack-internal:///(app-pages-browser)/./src/engine/core/MainLoop/mainLoop.ts:36
[  448453ms] [LOG] APS: 60 | FPS: 60 @ webpack-internal:///(app-pages-browser)/./src/engine/core/MainLoop/mainLoop.ts:36
[  449053ms] [LOG] APS: 60 | FPS: 60 @ webpack-internal:///(app-pages-browser)/./src/engine/core/MainLoop/mainLoop.ts:36
[  449452ms] [LOG] APS: 60 | FPS: 60 @ webpack-internal:///(app-pages-browser)/./src/engine/core/MainLoop/mainLoop.ts:36
[  450053ms] [LOG] APS: 60 | FPS: 60 @ webpack-internal:///(app-pages-browser)/./src/engine/core/MainLoop/mainLoop.ts:36
[  450452ms] [LOG] APS: 60 | FPS: 60 @ webpack-internal:///(app-pages-browser)/./src/engine/core/MainLoop/mainLoop.ts:36
[  451053ms] [LOG] APS: 60 | FPS: 60 @ webpack-internal:///(app-pages-browser)/./src/engine/core/MainLoop/mainLoop.ts:36
[  451452ms] [LOG] APS: 60 | FPS: 60 @ webpack-internal:///(app-pages-browser)/./src/engine/core/MainLoop/mainLoop.ts:36
[  452053ms] [LOG] APS: 60 | FPS: 60 @ webpack-internal:///(app-pages-browser)/./src/engine/core/MainLoop/mainLoop.ts:36
[  452452ms] [LOG] APS: 60 | FPS: 60 @ webpack-internal:///(app-pages-browser)/./src/engine/core/MainLoop/mainLoop.ts:36
[  453053ms] [LOG] APS: 60 | FPS: 60 @ webpack-internal:///(app-pages-browser)/./src/engine/core/MainLoop/mainLoop.ts:36
[  453452ms] [LOG] APS: 60 | FPS: 60 @ webpack-internal:///(app-pages-browser)/./src/engine/core/MainLoop/mainLoop.ts:36
[  454053ms] [LOG] APS: 60 | FPS: 60 @ webpack-internal:///(app-pages-browser)/./src/engine/core/MainLoop/mainLoop.ts:36
[  454452ms] [LOG] APS: 60 | FPS: 60 @ webpack-internal:///(app-pages-browser)/./src/engine/core/MainLoop/mainLoop.ts:36
[  455053ms] [LOG] APS: 60 | FPS: 60 @ webpack-internal:///(app-pages-browser)/./src/engine/core/MainLoop/mainLoop.ts:36
[  455452ms] [LOG] APS: 60 | FPS: 60 @ webpack-internal:///(app-pages-browser)/./src/engine/core/MainLoop/mainLoop.ts:36
[  456053ms] [LOG] APS: 60 | FPS: 60 @ webpack-internal:///(app-pages-browser)/./src/engine/core/MainLoop/mainLoop.ts:36
[  456452ms] [LOG] APS: 60 | FPS: 60 @ webpack-internal:///(app-pages-browser)/./src/engine/core/MainLoop/mainLoop.ts:36
[  457053ms] [LOG] APS: 60 | FPS: 60 @ webpack-internal:///(app-pages-browser)/./src/engine/core/MainLoop/mainLoop.ts:36
[  457452ms] [LOG] APS: 60 | FPS: 60 @ webpack-internal:///(app-pages-browser)/./src/engine/core/MainLoop/mainLoop.ts:36
[  458053ms] [LOG] APS: 60 | FPS: 60 @ webpack-internal:///(app-pages-browser)/./src/engine/core/MainLoop/mainLoop.ts:36
[  458452ms] [LOG] APS: 60 | FPS: 60 @ webpack-internal:///(app-pages-browser)/./src/engine/core/MainLoop/mainLoop.ts:36
[  459053ms] [LOG] APS: 60 | FPS: 60 @ webpack-internal:///(app-pages-browser)/./src/engine/core/MainLoop/mainLoop.ts:36
[  459451ms] [LOG] APS: 60 | FPS: 60 @ webpack-internal:///(app-pages-browser)/./src/engine/core/MainLoop/mainLoop.ts:36
[  460053ms] [LOG] APS: 60 | FPS: 60 @ webpack-internal:///(app-pages-browser)/./src/engine/core/MainLoop/mainLoop.ts:36
[  460452ms] [LOG] APS: 60 | FPS: 60 @ webpack-internal:///(app-pages-browser)/./src/engine/core/MainLoop/mainLoop.ts:36
[  461053ms] [LOG] APS: 60 | FPS: 60 @ webpack-internal:///(app-pages-browser)/./src/engine/core/MainLoop/mainLoop.ts:36
[  461452ms] [LOG] APS: 60 | FPS: 60 @ webpack-internal:///(app-pages-browser)/./src/engine/core/MainLoop/mainLoop.ts:36
[  462053ms] [LOG] APS: 60 | FPS: 60 @ webpack-internal:///(app-pages-browser)/./src/engine/core/MainLoop/mainLoop.ts:36
[  462451ms] [LOG] APS: 60 | FPS: 60 @ webpack-internal:///(app-pages-browser)/./src/engine/core/MainLoop/mainLoop.ts:36
[  463053ms] [LOG] APS: 60 | FPS: 60 @ webpack-internal:///(app-pages-browser)/./src/engine/core/MainLoop/mainLoop.ts:36
[  463452ms] [LOG] APS: 60 | FPS: 60 @ webpack-internal:///(app-pages-browser)/./src/engine/core/MainLoop/mainLoop.ts:36
[  464053ms] [LOG] APS: 60 | FPS: 60 @ webpack-internal:///(app-pages-browser)/./src/engine/core/MainLoop/mainLoop.ts:36
[  464452ms] [LOG] APS: 60 | FPS: 60 @ webpack-internal:///(app-pages-browser)/./src/engine/core/MainLoop/mainLoop.ts:36
[  465053ms] [LOG] APS: 60 | FPS: 60 @ webpack-internal:///(app-pages-browser)/./src/engine/core/MainLoop/mainLoop.ts:36
[  465451ms] [LOG] APS: 60 | FPS: 60 @ webpack-internal:///(app-pages-browser)/./src/engine/core/MainLoop/mainLoop.ts:36
[  466053ms] [LOG] APS: 60 | FPS: 60 @ webpack-internal:///(app-pages-browser)/./src/engine/core/MainLoop/mainLoop.ts:36
[  466452ms] [LOG] APS: 60 | FPS: 60 @ webpack-internal:///(app-pages-browser)/./src/engine/core/MainLoop/mainLoop.ts:36
[  467052ms] [LOG] APS: 60 | FPS: 60 @ webpack-internal:///(app-pages-browser)/./src/engine/core/MainLoop/mainLoop.ts:36
[  467451ms] [LOG] APS: 60 | FPS: 60 @ webpack-internal:///(app-pages-browser)/./src/engine/core/MainLoop/mainLoop.ts:36
[  468053ms] [LOG] APS: 60 | FPS: 60 @ webpack-internal:///(app-pages-browser)/./src/engine/core/MainLoop/mainLoop.ts:36
[  468451ms] [LOG] APS: 60 | FPS: 60 @ webpack-internal:///(app-pages-browser)/./src/engine/core/MainLoop/mainLoop.ts:36
[  469053ms] [LOG] APS: 60 | FPS: 60 @ webpack-internal:///(app-pages-browser)/./src/engine/core/MainLoop/mainLoop.ts:36
[  469451ms] [LOG] APS: 60 | FPS: 60 @ webpack-internal:///(app-pages-browser)/./src/engine/core/MainLoop/mainLoop.ts:36
[  470053ms] [LOG] APS: 60 | FPS: 60 @ webpack-internal:///(app-pages-browser)/./src/engine/core/MainLoop/mainLoop.ts:36
[  470452ms] [LOG] APS: 60 | FPS: 60 @ webpack-internal:///(app-pages-browser)/./src/engine/core/MainLoop/mainLoop.ts:36
[  471053ms] [LOG] APS: 60 | FPS: 60 @ webpack-internal:///(app-pages-browser)/./src/engine/core/MainLoop/mainLoop.ts:36
[  471452ms] [LOG] APS: 60 | FPS: 60 @ webpack-internal:///(app-pages-browser)/./src/engine/core/MainLoop/mainLoop.ts:36
[  472053ms] [LOG] APS: 60 | FPS: 60 @ webpack-internal:///(app-pages-browser)/./src/engine/core/MainLoop/mainLoop.ts:36
[  472451ms] [LOG] APS: 60 | FPS: 60 @ webpack-internal:///(app-pages-browser)/./src/engine/core/MainLoop/mainLoop.ts:36
[  473052ms] [LOG] APS: 60 | FPS: 60 @ webpack-internal:///(app-pages-browser)/./src/engine/core/MainLoop/mainLoop.ts:36
[  473451ms] [LOG] APS: 60 | FPS: 60 @ webpack-internal:///(app-pages-browser)/./src/engine/core/MainLoop/mainLoop.ts:36
[  474052ms] [LOG] APS: 60 | FPS: 60 @ webpack-internal:///(app-pages-browser)/./src/engine/core/MainLoop/mainLoop.ts:36
[  474451ms] [LOG] APS: 60 | FPS: 60 @ webpack-internal:///(app-pages-browser)/./src/engine/core/MainLoop/mainLoop.ts:36
[  475052ms] [LOG] APS: 60 | FPS: 60 @ webpack-internal:///(app-pages-browser)/./src/engine/core/MainLoop/mainLoop.ts:36
[  475451ms] [LOG] APS: 60 | FPS: 60 @ webpack-internal:///(app-pages-browser)/./src/engine/core/MainLoop/mainLoop.ts:36
[  476052ms] [LOG] APS: 60 | FPS: 60 @ webpack-internal:///(app-pages-browser)/./src/engine/core/MainLoop/mainLoop.ts:36
[  476451ms] [LOG] APS: 60 | FPS: 60 @ webpack-internal:///(app-pages-browser)/./src/engine/core/MainLoop/mainLoop.ts:36
[  477052ms] [LOG] APS: 60 | FPS: 60 @ webpack-internal:///(app-pages-browser)/./src/engine/core/MainLoop/mainLoop.ts:36
[  477451ms] [LOG] APS: 60 | FPS: 60 @ webpack-internal:///(app-pages-browser)/./src/engine/core/MainLoop/mainLoop.ts:36
[  478052ms] [LOG] APS: 60 | FPS: 60 @ webpack-internal:///(app-pages-browser)/./src/engine/core/MainLoop/mainLoop.ts:36
[  478451ms] [LOG] APS: 60 | FPS: 60 @ webpack-internal:///(app-pages-browser)/./src/engine/core/MainLoop/mainLoop.ts:36
[  479052ms] [LOG] APS: 60 | FPS: 60 @ webpack-internal:///(app-pages-browser)/./src/engine/core/MainLoop/mainLoop.ts:36
[  479450ms] [LOG] APS: 60 | FPS: 60 @ webpack-internal:///(app-pages-browser)/./src/engine/core/MainLoop/mainLoop.ts:36
[  480052ms] [LOG] APS: 60 | FPS: 60 @ webpack-internal:///(app-pages-browser)/./src/engine/core/MainLoop/mainLoop.ts:36
[  480451ms] [LOG] APS: 60 | FPS: 60 @ webpack-internal:///(app-pages-browser)/./src/engine/core/MainLoop/mainLoop.ts:36
[  481052ms] [LOG] APS: 60 | FPS: 60 @ webpack-internal:///(app-pages-browser)/./src/engine/core/MainLoop/mainLoop.ts:36
[  481450ms] [LOG] APS: 60 | FPS: 60 @ webpack-internal:///(app-pages-browser)/./src/engine/core/MainLoop/mainLoop.ts:36
[  482052ms] [LOG] APS: 60 | FPS: 60 @ webpack-internal:///(app-pages-browser)/./src/engine/core/MainLoop/mainLoop.ts:36
[  482450ms] [LOG] APS: 60 | FPS: 60 @ webpack-internal:///(app-pages-browser)/./src/engine/core/MainLoop/mainLoop.ts:36
[  483052ms] [LOG] APS: 60 | FPS: 60 @ webpack-internal:///(app-pages-browser)/./src/engine/core/MainLoop/mainLoop.ts:36
[  483451ms] [LOG] APS: 60 | FPS: 60 @ webpack-internal:///(app-pages-browser)/./src/engine/core/MainLoop/mainLoop.ts:36
[  484052ms] [LOG] APS: 60 | FPS: 60 @ webpack-internal:///(app-pages-browser)/./src/engine/core/MainLoop/mainLoop.ts:36
[  484451ms] [LOG] APS: 60 | FPS: 60 @ webpack-internal:///(app-pages-browser)/./src/engine/core/MainLoop/mainLoop.ts:36
[  485052ms] [LOG] APS: 60 | FPS: 60 @ webpack-internal:///(app-pages-browser)/./src/engine/core/MainLoop/mainLoop.ts:36
[  485451ms] [LOG] APS: 60 | FPS: 60 @ webpack-internal:///(app-pages-browser)/./src/engine/core/MainLoop/mainLoop.ts:36
[  486052ms] [LOG] APS: 60 | FPS: 60 @ webpack-internal:///(app-pages-browser)/./src/engine/core/MainLoop/mainLoop.ts:36
[  486451ms] [LOG] APS: 60 | FPS: 60 @ webpack-internal:///(app-pages-browser)/./src/engine/core/MainLoop/mainLoop.ts:36
[  487052ms] [LOG] APS: 60 | FPS: 60 @ webpack-internal:///(app-pages-browser)/./src/engine/core/MainLoop/mainLoop.ts:36
[  487451ms] [LOG] APS: 60 | FPS: 60 @ webpack-internal:///(app-pages-browser)/./src/engine/core/MainLoop/mainLoop.ts:36
[  488052ms] [LOG] APS: 60 | FPS: 60 @ webpack-internal:///(app-pages-browser)/./src/engine/core/MainLoop/mainLoop.ts:36
[  488450ms] [LOG] APS: 60 | FPS: 60 @ webpack-internal:///(app-pages-browser)/./src/engine/core/MainLoop/mainLoop.ts:36
[  489052ms] [LOG] APS: 60 | FPS: 60 @ webpack-internal:///(app-pages-browser)/./src/engine/core/MainLoop/mainLoop.ts:36
[  489450ms] [LOG] APS: 60 | FPS: 60 @ webpack-internal:///(app-pages-browser)/./src/engine/core/MainLoop/mainLoop.ts:36
[  490051ms] [LOG] APS: 60 | FPS: 60 @ webpack-internal:///(app-pages-browser)/./src/engine/core/MainLoop/mainLoop.ts:36
[  490451ms] [LOG] APS: 60 | FPS: 60 @ webpack-internal:///(app-pages-browser)/./src/engine/core/MainLoop/mainLoop.ts:36
[  491052ms] [LOG] APS: 60 | FPS: 60 @ webpack-internal:///(app-pages-browser)/./src/engine/core/MainLoop/mainLoop.ts:36
[  491451ms] [LOG] APS: 60 | FPS: 60 @ webpack-internal:///(app-pages-browser)/./src/engine/core/MainLoop/mainLoop.ts:36
[  492052ms] [LOG] APS: 60 | FPS: 60 @ webpack-internal:///(app-pages-browser)/./src/engine/core/MainLoop/mainLoop.ts:36
[  492451ms] [LOG] APS: 60 | FPS: 60 @ webpack-internal:///(app-pages-browser)/./src/engine/core/MainLoop/mainLoop.ts:36
[  493052ms] [LOG] APS: 60 | FPS: 60 @ webpack-internal:///(app-pages-browser)/./src/engine/core/MainLoop/mainLoop.ts:36
[  493451ms] [LOG] APS: 60 | FPS: 60 @ webpack-internal:///(app-pages-browser)/./src/engine/core/MainLoop/mainLoop.ts:36
[  494052ms] [LOG] APS: 60 | FPS: 60 @ webpack-internal:///(app-pages-browser)/./src/engine/core/MainLoop/mainLoop.ts:36
[  494451ms] [LOG] APS: 60 | FPS: 60 @ webpack-internal:///(app-pages-browser)/./src/engine/core/MainLoop/mainLoop.ts:36
[  495052ms] [LOG] APS: 60 | FPS: 60 @ webpack-internal:///(app-pages-browser)/./src/engine/core/MainLoop/mainLoop.ts:36
[  495451ms] [LOG] APS: 60 | FPS: 60 @ webpack-internal:///(app-pages-browser)/./src/engine/core/MainLoop/mainLoop.ts:36
[  496052ms] [LOG] APS: 60 | FPS: 60 @ webpack-internal:///(app-pages-browser)/./src/engine/core/MainLoop/mainLoop.ts:36
[  496451ms] [LOG] APS: 60 | FPS: 60 @ webpack-internal:///(app-pages-browser)/./src/engine/core/MainLoop/mainLoop.ts:36
[  497051ms] [LOG] APS: 60 | FPS: 60 @ webpack-internal:///(app-pages-browser)/./src/engine/core/MainLoop/mainLoop.ts:36
[  497450ms] [LOG] APS: 60 | FPS: 60 @ webpack-internal:///(app-pages-browser)/./src/engine/core/MainLoop/mainLoop.ts:36
[  498051ms] [LOG] APS: 60 | FPS: 60 @ webpack-internal:///(app-pages-browser)/./src/engine/core/MainLoop/mainLoop.ts:36
[  498450ms] [LOG] APS: 60 | FPS: 60 @ webpack-internal:///(app-pages-browser)/./src/engine/core/MainLoop/mainLoop.ts:36
[  499051ms] [LOG] APS: 60 | FPS: 60 @ webpack-internal:///(app-pages-browser)/./src/engine/core/MainLoop/mainLoop.ts:36
[  499450ms] [LOG] APS: 60 | FPS: 60 @ webpack-internal:///(app-pages-browser)/./src/engine/core/MainLoop/mainLoop.ts:36
[  500051ms] [LOG] APS: 60 | FPS: 60 @ webpack-internal:///(app-pages-browser)/./src/engine/core/MainLoop/mainLoop.ts:36
[  500450ms] [LOG] APS: 60 | FPS: 60 @ webpack-internal:///(app-pages-browser)/./src/engine/core/MainLoop/mainLoop.ts:36
[  501051ms] [LOG] APS: 60 | FPS: 60 @ webpack-internal:///(app-pages-browser)/./src/engine/core/MainLoop/mainLoop.ts:36
[  501450ms] [LOG] APS: 60 | FPS: 60 @ webpack-internal:///(app-pages-browser)/./src/engine/core/MainLoop/mainLoop.ts:36
[  502051ms] [LOG] APS: 60 | FPS: 60 @ webpack-internal:///(app-pages-browser)/./src/engine/core/MainLoop/mainLoop.ts:36
[  502450ms] [LOG] APS: 60 | FPS: 60 @ webpack-internal:///(app-pages-browser)/./src/engine/core/MainLoop/mainLoop.ts:36
[  503051ms] [LOG] APS: 60 | FPS: 60 @ webpack-internal:///(app-pages-browser)/./src/engine/core/MainLoop/mainLoop.ts:36
[  503450ms] [LOG] APS: 60 | FPS: 60 @ webpack-internal:///(app-pages-browser)/./src/engine/core/MainLoop/mainLoop.ts:36
[  504051ms] [LOG] APS: 60 | FPS: 60 @ webpack-internal:///(app-pages-browser)/./src/engine/core/MainLoop/mainLoop.ts:36
[  504450ms] [LOG] APS: 60 | FPS: 60 @ webpack-internal:///(app-pages-browser)/./src/engine/core/MainLoop/mainLoop.ts:36
[  505051ms] [LOG] APS: 60 | FPS: 60 @ webpack-internal:///(app-pages-browser)/./src/engine/core/MainLoop/mainLoop.ts:36
[  505450ms] [LOG] APS: 60 | FPS: 60 @ webpack-internal:///(app-pages-browser)/./src/engine/core/MainLoop/mainLoop.ts:36
[  506051ms] [LOG] APS: 60 | FPS: 60 @ webpack-internal:///(app-pages-browser)/./src/engine/core/MainLoop/mainLoop.ts:36
[  506450ms] [LOG] APS: 60 | FPS: 60 @ webpack-internal:///(app-pages-browser)/./src/engine/core/MainLoop/mainLoop.ts:36
[  507051ms] [LOG] APS: 60 | FPS: 60 @ webpack-internal:///(app-pages-browser)/./src/engine/core/MainLoop/mainLoop.ts:36
[  507450ms] [LOG] APS: 60 | FPS: 60 @ webpack-internal:///(app-pages-browser)/./src/engine/core/MainLoop/mainLoop.ts:36
[  508051ms] [LOG] APS: 60 | FPS: 60 @ webpack-internal:///(app-pages-browser)/./src/engine/core/MainLoop/mainLoop.ts:36
[  508450ms] [LOG] APS: 60 | FPS: 60 @ webpack-internal:///(app-pages-browser)/./src/engine/core/MainLoop/mainLoop.ts:36
[  509051ms] [LOG] APS: 60 | FPS: 60 @ webpack-internal:///(app-pages-browser)/./src/engine/core/MainLoop/mainLoop.ts:36
[  509450ms] [LOG] APS: 60 | FPS: 60 @ webpack-internal:///(app-pages-browser)/./src/engine/core/MainLoop/mainLoop.ts:36
[  510051ms] [LOG] APS: 60 | FPS: 60 @ webpack-internal:///(app-pages-browser)/./src/engine/core/MainLoop/mainLoop.ts:36
[  510450ms] [LOG] APS: 60 | FPS: 60 @ webpack-internal:///(app-pages-browser)/./src/engine/core/MainLoop/mainLoop.ts:36
[  511051ms] [LOG] APS: 60 | FPS: 60 @ webpack-internal:///(app-pages-browser)/./src/engine/core/MainLoop/mainLoop.ts:36
[  511450ms] [LOG] APS: 60 | FPS: 60 @ webpack-internal:///(app-pages-browser)/./src/engine/core/MainLoop/mainLoop.ts:36
[  512051ms] [LOG] APS: 60 | FPS: 60 @ webpack-internal:///(app-pages-browser)/./src/engine/core/MainLoop/mainLoop.ts:36
[  512450ms] [LOG] APS: 60 | FPS: 60 @ webpack-internal:///(app-pages-browser)/./src/engine/core/MainLoop/mainLoop.ts:36
[  513051ms] [LOG] APS: 60 | FPS: 60 @ webpack-internal:///(app-pages-browser)/./src/engine/core/MainLoop/mainLoop.ts:36
[  513450ms] [LOG] APS: 60 | FPS: 60 @ webpack-internal:///(app-pages-browser)/./src/engine/core/MainLoop/mainLoop.ts:36
[  514051ms] [LOG] APS: 60 | FPS: 60 @ webpack-internal:///(app-pages-browser)/./src/engine/core/MainLoop/mainLoop.ts:36
[  514450ms] [LOG] APS: 60 | FPS: 60 @ webpack-internal:///(app-pages-browser)/./src/engine/core/MainLoop/mainLoop.ts:36
[  515051ms] [LOG] APS: 60 | FPS: 60 @ webpack-internal:///(app-pages-browser)/./src/engine/core/MainLoop/mainLoop.ts:36
[  515450ms] [LOG] APS: 60 | FPS: 60 @ webpack-internal:///(app-pages-browser)/./src/engine/core/MainLoop/mainLoop.ts:36
[  516051ms] [LOG] APS: 60 | FPS: 60 @ webpack-internal:///(app-pages-browser)/./src/engine/core/MainLoop/mainLoop.ts:36
[  516450ms] [LOG] APS: 60 | FPS: 60 @ webpack-internal:///(app-pages-browser)/./src/engine/core/MainLoop/mainLoop.ts:36
[  517051ms] [LOG] APS: 60 | FPS: 60 @ webpack-internal:///(app-pages-browser)/./src/engine/core/MainLoop/mainLoop.ts:36
[  517450ms] [LOG] APS: 60 | FPS: 60 @ webpack-internal:///(app-pages-browser)/./src/engine/core/MainLoop/mainLoop.ts:36
[  518051ms] [LOG] APS: 60 | FPS: 60 @ webpack-internal:///(app-pages-browser)/./src/engine/core/MainLoop/mainLoop.ts:36
[  518450ms] [LOG] APS: 60 | FPS: 60 @ webpack-internal:///(app-pages-browser)/./src/engine/core/MainLoop/mainLoop.ts:36
[  519050ms] [LOG] APS: 60 | FPS: 60 @ webpack-internal:///(app-pages-browser)/./src/engine/core/MainLoop/mainLoop.ts:36
[  519450ms] [LOG] APS: 60 | FPS: 60 @ webpack-internal:///(app-pages-browser)/./src/engine/core/MainLoop/mainLoop.ts:36
[  520050ms] [LOG] APS: 60 | FPS: 60 @ webpack-internal:///(app-pages-browser)/./src/engine/core/MainLoop/mainLoop.ts:36
[  520449ms] [LOG] APS: 60 | FPS: 60 @ webpack-internal:///(app-pages-browser)/./src/engine/core/MainLoop/mainLoop.ts:36
[  521050ms] [LOG] APS: 60 | FPS: 60 @ webpack-internal:///(app-pages-browser)/./src/engine/core/MainLoop/mainLoop.ts:36
[  521449ms] [LOG] APS: 60 | FPS: 60 @ webpack-internal:///(app-pages-browser)/./src/engine/core/MainLoop/mainLoop.ts:36
[  522050ms] [LOG] APS: 60 | FPS: 60 @ webpack-internal:///(app-pages-browser)/./src/engine/core/MainLoop/mainLoop.ts:36
[  522449ms] [LOG] APS: 60 | FPS: 60 @ webpack-internal:///(app-pages-browser)/./src/engine/core/MainLoop/mainLoop.ts:36
[  523050ms] [LOG] APS: 60 | FPS: 60 @ webpack-internal:///(app-pages-browser)/./src/engine/core/MainLoop/mainLoop.ts:36
[  523449ms] [LOG] APS: 60 | FPS: 60 @ webpack-internal:///(app-pages-browser)/./src/engine/core/MainLoop/mainLoop.ts:36
[  524050ms] [LOG] APS: 60 | FPS: 60 @ webpack-internal:///(app-pages-browser)/./src/engine/core/MainLoop/mainLoop.ts:36
[  524449ms] [LOG] APS: 60 | FPS: 60 @ webpack-internal:///(app-pages-browser)/./src/engine/core/MainLoop/mainLoop.ts:36
[  525049ms] [LOG] APS: 60 | FPS: 60 @ webpack-internal:///(app-pages-browser)/./src/engine/core/MainLoop/mainLoop.ts:36
[  525449ms] [LOG] APS: 60 | FPS: 60 @ webpack-internal:///(app-pages-browser)/./src/engine/core/MainLoop/mainLoop.ts:36
[  526050ms] [LOG] APS: 60 | FPS: 60 @ webpack-internal:///(app-pages-browser)/./src/engine/core/MainLoop/mainLoop.ts:36
[  526449ms] [LOG] APS: 60 | FPS: 60 @ webpack-internal:///(app-pages-browser)/./src/engine/core/MainLoop/mainLoop.ts:36
[  527050ms] [LOG] APS: 60 | FPS: 60 @ webpack-internal:///(app-pages-browser)/./src/engine/core/MainLoop/mainLoop.ts:36
[  527449ms] [LOG] APS: 60 | FPS: 60 @ webpack-internal:///(app-pages-browser)/./src/engine/core/MainLoop/mainLoop.ts:36
[  528050ms] [LOG] APS: 60 | FPS: 60 @ webpack-internal:///(app-pages-browser)/./src/engine/core/MainLoop/mainLoop.ts:36
[  528449ms] [LOG] APS: 60 | FPS: 60 @ webpack-internal:///(app-pages-browser)/./src/engine/core/MainLoop/mainLoop.ts:36
[  529050ms] [LOG] APS: 60 | FPS: 60 @ webpack-internal:///(app-pages-browser)/./src/engine/core/MainLoop/mainLoop.ts:36
[  529449ms] [LOG] APS: 60 | FPS: 60 @ webpack-internal:///(app-pages-browser)/./src/engine/core/MainLoop/mainLoop.ts:36
[  530050ms] [LOG] APS: 60 | FPS: 60 @ webpack-internal:///(app-pages-browser)/./src/engine/core/MainLoop/mainLoop.ts:36
[  530449ms] [LOG] APS: 60 | FPS: 60 @ webpack-internal:///(app-pages-browser)/./src/engine/core/MainLoop/mainLoop.ts:36
[  531050ms] [LOG] APS: 60 | FPS: 60 @ webpack-internal:///(app-pages-browser)/./src/engine/core/MainLoop/mainLoop.ts:36
[  531449ms] [LOG] APS: 60 | FPS: 60 @ webpack-internal:///(app-pages-browser)/./src/engine/core/MainLoop/mainLoop.ts:36
[  532050ms] [LOG] APS: 60 | FPS: 60 @ webpack-internal:///(app-pages-browser)/./src/engine/core/MainLoop/mainLoop.ts:36
[  532449ms] [LOG] APS: 60 | FPS: 60 @ webpack-internal:///(app-pages-browser)/./src/engine/core/MainLoop/mainLoop.ts:36
[  533050ms] [LOG] APS: 60 | FPS: 60 @ webpack-internal:///(app-pages-browser)/./src/engine/core/MainLoop/mainLoop.ts:36
[  533449ms] [LOG] APS: 60 | FPS: 60 @ webpack-internal:///(app-pages-browser)/./src/engine/core/MainLoop/mainLoop.ts:36
[  534050ms] [LOG] APS: 60 | FPS: 60 @ webpack-internal:///(app-pages-browser)/./src/engine/core/MainLoop/mainLoop.ts:36
[  534449ms] [LOG] APS: 60 | FPS: 60 @ webpack-internal:///(app-pages-browser)/./src/engine/core/MainLoop/mainLoop.ts:36
[  535050ms] [LOG] APS: 60 | FPS: 60 @ webpack-internal:///(app-pages-browser)/./src/engine/core/MainLoop/mainLoop.ts:36
[  535448ms] [LOG] APS: 60 | FPS: 60 @ webpack-internal:///(app-pages-browser)/./src/engine/core/MainLoop/mainLoop.ts:36
[  536050ms] [LOG] APS: 60 | FPS: 60 @ webpack-internal:///(app-pages-browser)/./src/engine/core/MainLoop/mainLoop.ts:36
[  536449ms] [LOG] APS: 60 | FPS: 60 @ webpack-internal:///(app-pages-browser)/./src/engine/core/MainLoop/mainLoop.ts:36
[  537050ms] [LOG] APS: 60 | FPS: 60 @ webpack-internal:///(app-pages-browser)/./src/engine/core/MainLoop/mainLoop.ts:36
[  537449ms] [LOG] APS: 60 | FPS: 60 @ webpack-internal:///(app-pages-browser)/./src/engine/core/MainLoop/mainLoop.ts:36
[  538050ms] [LOG] APS: 60 | FPS: 60 @ webpack-internal:///(app-pages-browser)/./src/engine/core/MainLoop/mainLoop.ts:36
[  538449ms] [LOG] APS: 60 | FPS: 60 @ webpack-internal:///(app-pages-browser)/./src/engine/core/MainLoop/mainLoop.ts:36
[  539050ms] [LOG] APS: 60 | FPS: 60 @ webpack-internal:///(app-pages-browser)/./src/engine/core/MainLoop/mainLoop.ts:36
[  539449ms] [LOG] APS: 60 | FPS: 60 @ webpack-internal:///(app-pages-browser)/./src/engine/core/MainLoop/mainLoop.ts:36
[  540050ms] [LOG] APS: 60 | FPS: 60 @ webpack-internal:///(app-pages-browser)/./src/engine/core/MainLoop/mainLoop.ts:36
[  540448ms] [LOG] APS: 60 | FPS: 60 @ webpack-internal:///(app-pages-browser)/./src/engine/core/MainLoop/mainLoop.ts:36
[  541049ms] [LOG] APS: 60 | FPS: 60 @ webpack-internal:///(app-pages-browser)/./src/engine/core/MainLoop/mainLoop.ts:36
[  541449ms] [LOG] APS: 60 | FPS: 60 @ webpack-internal:///(app-pages-browser)/./src/engine/core/MainLoop/mainLoop.ts:36
[  542050ms] [LOG] APS: 60 | FPS: 60 @ webpack-internal:///(app-pages-browser)/./src/engine/core/MainLoop/mainLoop.ts:36
[  542448ms] [LOG] APS: 60 | FPS: 60 @ webpack-internal:///(app-pages-browser)/./src/engine/core/MainLoop/mainLoop.ts:36
[  543050ms] [LOG] APS: 60 | FPS: 60 @ webpack-internal:///(app-pages-browser)/./src/engine/core/MainLoop/mainLoop.ts:36
[  543448ms] [LOG] APS: 60 | FPS: 60 @ webpack-internal:///(app-pages-browser)/./src/engine/core/MainLoop/mainLoop.ts:36
[  544050ms] [LOG] APS: 60 | FPS: 60 @ webpack-internal:///(app-pages-browser)/./src/engine/core/MainLoop/mainLoop.ts:36
[  544448ms] [LOG] APS: 60 | FPS: 60 @ webpack-internal:///(app-pages-browser)/./src/engine/core/MainLoop/mainLoop.ts:36
[  545050ms] [LOG] APS: 60 | FPS: 60 @ webpack-internal:///(app-pages-browser)/./src/engine/core/MainLoop/mainLoop.ts:36
[  545448ms] [LOG] APS: 60 | FPS: 60 @ webpack-internal:///(app-pages-browser)/./src/engine/core/MainLoop/mainLoop.ts:36
[  546049ms] [LOG] APS: 60 | FPS: 60 @ webpack-internal:///(app-pages-browser)/./src/engine/core/MainLoop/mainLoop.ts:36
[  546448ms] [LOG] APS: 60 | FPS: 60 @ webpack-internal:///(app-pages-browser)/./src/engine/core/MainLoop/mainLoop.ts:36
[  547049ms] [LOG] APS: 60 | FPS: 60 @ webpack-internal:///(app-pages-browser)/./src/engine/core/MainLoop/mainLoop.ts:36
[  547448ms] [LOG] APS: 60 | FPS: 60 @ webpack-internal:///(app-pages-browser)/./src/engine/core/MainLoop/mainLoop.ts:36
[  548049ms] [LOG] APS: 60 | FPS: 60 @ webpack-internal:///(app-pages-browser)/./src/engine/core/MainLoop/mainLoop.ts:36
[  548448ms] [LOG] APS: 60 | FPS: 60 @ webpack-internal:///(app-pages-browser)/./src/engine/core/MainLoop/mainLoop.ts:36
[  549049ms] [LOG] APS: 60 | FPS: 60 @ webpack-internal:///(app-pages-browser)/./src/engine/core/MainLoop/mainLoop.ts:36
[  549448ms] [LOG] APS: 60 | FPS: 60 @ webpack-internal:///(app-pages-browser)/./src/engine/core/MainLoop/mainLoop.ts:36
[  550049ms] [LOG] APS: 60 | FPS: 60 @ webpack-internal:///(app-pages-browser)/./src/engine/core/MainLoop/mainLoop.ts:36
[  550448ms] [LOG] APS: 60 | FPS: 60 @ webpack-internal:///(app-pages-browser)/./src/engine/core/MainLoop/mainLoop.ts:36
[  551049ms] [LOG] APS: 60 | FPS: 60 @ webpack-internal:///(app-pages-browser)/./src/engine/core/MainLoop/mainLoop.ts:36
[  551448ms] [LOG] APS: 60 | FPS: 60 @ webpack-internal:///(app-pages-browser)/./src/engine/core/MainLoop/mainLoop.ts:36
[  552049ms] [LOG] APS: 60 | FPS: 60 @ webpack-internal:///(app-pages-browser)/./src/engine/core/MainLoop/mainLoop.ts:36
[  552448ms] [LOG] APS: 60 | FPS: 60 @ webpack-internal:///(app-pages-browser)/./src/engine/core/MainLoop/mainLoop.ts:36
[  553049ms] [LOG] APS: 60 | FPS: 60 @ webpack-internal:///(app-pages-browser)/./src/engine/core/MainLoop/mainLoop.ts:36
[  553448ms] [LOG] APS: 60 | FPS: 60 @ webpack-internal:///(app-pages-browser)/./src/engine/core/MainLoop/mainLoop.ts:36
[  554049ms] [LOG] APS: 60 | FPS: 60 @ webpack-internal:///(app-pages-browser)/./src/engine/core/MainLoop/mainLoop.ts:36
[  554448ms] [LOG] APS: 60 | FPS: 60 @ webpack-internal:///(app-pages-browser)/./src/engine/core/MainLoop/mainLoop.ts:36
[  555049ms] [LOG] APS: 60 | FPS: 60 @ webpack-internal:///(app-pages-browser)/./src/engine/core/MainLoop/mainLoop.ts:36
[  555448ms] [LOG] APS: 60 | FPS: 60 @ webpack-internal:///(app-pages-browser)/./src/engine/core/MainLoop/mainLoop.ts:36
[  556049ms] [LOG] APS: 60 | FPS: 60 @ webpack-internal:///(app-pages-browser)/./src/engine/core/MainLoop/mainLoop.ts:36
[  556448ms] [LOG] APS: 60 | FPS: 60 @ webpack-internal:///(app-pages-browser)/./src/engine/core/MainLoop/mainLoop.ts:36
[  557049ms] [LOG] APS: 60 | FPS: 60 @ webpack-internal:///(app-pages-browser)/./src/engine/core/MainLoop/mainLoop.ts:36
[  557448ms] [LOG] APS: 60 | FPS: 60 @ webpack-internal:///(app-pages-browser)/./src/engine/core/MainLoop/mainLoop.ts:36
[  558049ms] [LOG] APS: 60 | FPS: 60 @ webpack-internal:///(app-pages-browser)/./src/engine/core/MainLoop/mainLoop.ts:36
[  558448ms] [LOG] APS: 60 | FPS: 60 @ webpack-internal:///(app-pages-browser)/./src/engine/core/MainLoop/mainLoop.ts:36
[  559049ms] [LOG] APS: 60 | FPS: 60 @ webpack-internal:///(app-pages-browser)/./src/engine/core/MainLoop/mainLoop.ts:36
[  559448ms] [LOG] APS: 60 | FPS: 60 @ webpack-internal:///(app-pages-browser)/./src/engine/core/MainLoop/mainLoop.ts:36
[  560049ms] [LOG] APS: 60 | FPS: 60 @ webpack-internal:///(app-pages-browser)/./src/engine/core/MainLoop/mainLoop.ts:36
[  560448ms] [LOG] APS: 60 | FPS: 60 @ webpack-internal:///(app-pages-browser)/./src/engine/core/MainLoop/mainLoop.ts:36
[  561049ms] [LOG] APS: 60 | FPS: 60 @ webpack-internal:///(app-pages-browser)/./src/engine/core/MainLoop/mainLoop.ts:36
[  561448ms] [LOG] APS: 60 | FPS: 60 @ webpack-internal:///(app-pages-browser)/./src/engine/core/MainLoop/mainLoop.ts:36
[  562049ms] [LOG] APS: 60 | FPS: 60 @ webpack-internal:///(app-pages-browser)/./src/engine/core/MainLoop/mainLoop.ts:36
[  562448ms] [LOG] APS: 60 | FPS: 60 @ webpack-internal:///(app-pages-browser)/./src/engine/core/MainLoop/mainLoop.ts:36
[  563049ms] [LOG] APS: 60 | FPS: 60 @ webpack-internal:///(app-pages-browser)/./src/engine/core/MainLoop/mainLoop.ts:36
[  563448ms] [LOG] APS: 60 | FPS: 60 @ webpack-internal:///(app-pages-browser)/./src/engine/core/MainLoop/mainLoop.ts:36
[  564049ms] [LOG] APS: 60 | FPS: 60 @ webpack-internal:///(app-pages-browser)/./src/engine/core/MainLoop/mainLoop.ts:36
[  564448ms] [LOG] APS: 60 | FPS: 60 @ webpack-internal:///(app-pages-browser)/./src/engine/core/MainLoop/mainLoop.ts:36
[  565049ms] [LOG] APS: 60 | FPS: 60 @ webpack-internal:///(app-pages-browser)/./src/engine/core/MainLoop/mainLoop.ts:36
[  565448ms] [LOG] APS: 60 | FPS: 60 @ webpack-internal:///(app-pages-browser)/./src/engine/core/MainLoop/mainLoop.ts:36
[  566049ms] [LOG] APS: 60 | FPS: 60 @ webpack-internal:///(app-pages-browser)/./src/engine/core/MainLoop/mainLoop.ts:36
[  566448ms] [LOG] APS: 60 | FPS: 60 @ webpack-internal:///(app-pages-browser)/./src/engine/core/MainLoop/mainLoop.ts:36
[  567049ms] [LOG] APS: 60 | FPS: 60 @ webpack-internal:///(app-pages-browser)/./src/engine/core/MainLoop/mainLoop.ts:36
[  567448ms] [LOG] APS: 60 | FPS: 60 @ webpack-internal:///(app-pages-browser)/./src/engine/core/MainLoop/mainLoop.ts:36
[  568049ms] [LOG] APS: 60 | FPS: 60 @ webpack-internal:///(app-pages-browser)/./src/engine/core/MainLoop/mainLoop.ts:36
[  568448ms] [LOG] APS: 60 | FPS: 60 @ webpack-internal:///(app-pages-browser)/./src/engine/core/MainLoop/mainLoop.ts:36
[  569049ms] [LOG] APS: 60 | FPS: 60 @ webpack-internal:///(app-pages-browser)/./src/engine/core/MainLoop/mainLoop.ts:36
[  569447ms] [LOG] APS: 60 | FPS: 60 @ webpack-internal:///(app-pages-browser)/./src/engine/core/MainLoop/mainLoop.ts:36
[  570048ms] [LOG] APS: 60 | FPS: 60 @ webpack-internal:///(app-pages-browser)/./src/engine/core/MainLoop/mainLoop.ts:36
[  570447ms] [LOG] APS: 60 | FPS: 60 @ webpack-internal:///(app-pages-browser)/./src/engine/core/MainLoop/mainLoop.ts:36
[  571048ms] [LOG] APS: 60 | FPS: 60 @ webpack-internal:///(app-pages-browser)/./src/engine/core/MainLoop/mainLoop.ts:36
[  571447ms] [LOG] APS: 60 | FPS: 60 @ webpack-internal:///(app-pages-browser)/./src/engine/core/MainLoop/mainLoop.ts:36
[  572048ms] [LOG] APS: 60 | FPS: 60 @ webpack-internal:///(app-pages-browser)/./src/engine/core/MainLoop/mainLoop.ts:36
[  572447ms] [LOG] APS: 60 | FPS: 60 @ webpack-internal:///(app-pages-browser)/./src/engine/core/MainLoop/mainLoop.ts:36
[  573048ms] [LOG] APS: 60 | FPS: 60 @ webpack-internal:///(app-pages-browser)/./src/engine/core/MainLoop/mainLoop.ts:36
[  573447ms] [LOG] APS: 60 | FPS: 60 @ webpack-internal:///(app-pages-browser)/./src/engine/core/MainLoop/mainLoop.ts:36
[  574048ms] [LOG] APS: 60 | FPS: 60 @ webpack-internal:///(app-pages-browser)/./src/engine/core/MainLoop/mainLoop.ts:36
[  574447ms] [LOG] APS: 60 | FPS: 60 @ webpack-internal:///(app-pages-browser)/./src/engine/core/MainLoop/mainLoop.ts:36
[  575048ms] [LOG] APS: 60 | FPS: 60 @ webpack-internal:///(app-pages-browser)/./src/engine/core/MainLoop/mainLoop.ts:36
[  575447ms] [LOG] APS: 60 | FPS: 60 @ webpack-internal:///(app-pages-browser)/./src/engine/core/MainLoop/mainLoop.ts:36
[  576048ms] [LOG] APS: 60 | FPS: 60 @ webpack-internal:///(app-pages-browser)/./src/engine/core/MainLoop/mainLoop.ts:36
[  576447ms] [LOG] APS: 60 | FPS: 60 @ webpack-internal:///(app-pages-browser)/./src/engine/core/MainLoop/mainLoop.ts:36
[  577048ms] [LOG] APS: 60 | FPS: 60 @ webpack-internal:///(app-pages-browser)/./src/engine/core/MainLoop/mainLoop.ts:36
[  577447ms] [LOG] APS: 60 | FPS: 60 @ webpack-internal:///(app-pages-browser)/./src/engine/core/MainLoop/mainLoop.ts:36
[  578048ms] [LOG] APS: 60 | FPS: 60 @ webpack-internal:///(app-pages-browser)/./src/engine/core/MainLoop/mainLoop.ts:36
[  578447ms] [LOG] APS: 60 | FPS: 60 @ webpack-internal:///(app-pages-browser)/./src/engine/core/MainLoop/mainLoop.ts:36
[  579048ms] [LOG] APS: 60 | FPS: 60 @ webpack-internal:///(app-pages-browser)/./src/engine/core/MainLoop/mainLoop.ts:36
[  579447ms] [LOG] APS: 60 | FPS: 60 @ webpack-internal:///(app-pages-browser)/./src/engine/core/MainLoop/mainLoop.ts:36
[  580048ms] [LOG] APS: 60 | FPS: 60 @ webpack-internal:///(app-pages-browser)/./src/engine/core/MainLoop/mainLoop.ts:36
[  580447ms] [LOG] APS: 60 | FPS: 60 @ webpack-internal:///(app-pages-browser)/./src/engine/core/MainLoop/mainLoop.ts:36
[  581048ms] [LOG] APS: 60 | FPS: 60 @ webpack-internal:///(app-pages-browser)/./src/engine/core/MainLoop/mainLoop.ts:36
[  581447ms] [LOG] APS: 60 | FPS: 60 @ webpack-internal:///(app-pages-browser)/./src/engine/core/MainLoop/mainLoop.ts:36
[  582048ms] [LOG] APS: 60 | FPS: 60 @ webpack-internal:///(app-pages-browser)/./src/engine/core/MainLoop/mainLoop.ts:36
[  582447ms] [LOG] APS: 60 | FPS: 60 @ webpack-internal:///(app-pages-browser)/./src/engine/core/MainLoop/mainLoop.ts:36
[  583048ms] [LOG] APS: 60 | FPS: 60 @ webpack-internal:///(app-pages-browser)/./src/engine/core/MainLoop/mainLoop.ts:36
[  583447ms] [LOG] APS: 60 | FPS: 60 @ webpack-internal:///(app-pages-browser)/./src/engine/core/MainLoop/mainLoop.ts:36
[  584048ms] [LOG] APS: 60 | FPS: 60 @ webpack-internal:///(app-pages-browser)/./src/engine/core/MainLoop/mainLoop.ts:36
[  584447ms] [LOG] APS: 60 | FPS: 60 @ webpack-internal:///(app-pages-browser)/./src/engine/core/MainLoop/mainLoop.ts:36
[  585048ms] [LOG] APS: 60 | FPS: 60 @ webpack-internal:///(app-pages-browser)/./src/engine/core/MainLoop/mainLoop.ts:36
[  585447ms] [LOG] APS: 60 | FPS: 60 @ webpack-internal:///(app-pages-browser)/./src/engine/core/MainLoop/mainLoop.ts:36
[  586047ms] [LOG] APS: 60 | FPS: 60 @ webpack-internal:///(app-pages-browser)/./src/engine/core/MainLoop/mainLoop.ts:36
[  586447ms] [LOG] APS: 60 | FPS: 60 @ webpack-internal:///(app-pages-browser)/./src/engine/core/MainLoop/mainLoop.ts:36
[  587048ms] [LOG] APS: 60 | FPS: 60 @ webpack-internal:///(app-pages-browser)/./src/engine/core/MainLoop/mainLoop.ts:36
[  587447ms] [LOG] APS: 60 | FPS: 60 @ webpack-internal:///(app-pages-browser)/./src/engine/core/MainLoop/mainLoop.ts:36
[  588048ms] [LOG] APS: 60 | FPS: 60 @ webpack-internal:///(app-pages-browser)/./src/engine/core/MainLoop/mainLoop.ts:36
[  588447ms] [LOG] APS: 60 | FPS: 60 @ webpack-internal:///(app-pages-browser)/./src/engine/core/MainLoop/mainLoop.ts:36
[  589048ms] [LOG] APS: 60 | FPS: 60 @ webpack-internal:///(app-pages-browser)/./src/engine/core/MainLoop/mainLoop.ts:36
[  589447ms] [LOG] APS: 60 | FPS: 60 @ webpack-internal:///(app-pages-browser)/./src/engine/core/MainLoop/mainLoop.ts:36
[  590048ms] [LOG] APS: 60 | FPS: 60 @ webpack-internal:///(app-pages-browser)/./src/engine/core/MainLoop/mainLoop.ts:36
[  590447ms] [LOG] APS: 60 | FPS: 60 @ webpack-internal:///(app-pages-browser)/./src/engine/core/MainLoop/mainLoop.ts:36
[  591048ms] [LOG] APS: 60 | FPS: 60 @ webpack-internal:///(app-pages-browser)/./src/engine/core/MainLoop/mainLoop.ts:36
[  591447ms] [LOG] APS: 60 | FPS: 60 @ webpack-internal:///(app-pages-browser)/./src/engine/core/MainLoop/mainLoop.ts:36
[  592048ms] [LOG] APS: 60 | FPS: 60 @ webpack-internal:///(app-pages-browser)/./src/engine/core/MainLoop/mainLoop.ts:36
[  592447ms] [LOG] APS: 60 | FPS: 60 @ webpack-internal:///(app-pages-browser)/./src/engine/core/MainLoop/mainLoop.ts:36
[  593048ms] [LOG] APS: 60 | FPS: 60 @ webpack-internal:///(app-pages-browser)/./src/engine/core/MainLoop/mainLoop.ts:36
[  593447ms] [LOG] APS: 60 | FPS: 60 @ webpack-internal:///(app-pages-browser)/./src/engine/core/MainLoop/mainLoop.ts:36
[  594047ms] [LOG] APS: 60 | FPS: 60 @ webpack-internal:///(app-pages-browser)/./src/engine/core/MainLoop/mainLoop.ts:36
[  594446ms] [LOG] APS: 60 | FPS: 60 @ webpack-internal:///(app-pages-browser)/./src/engine/core/MainLoop/mainLoop.ts:36
[  595047ms] [LOG] APS: 60 | FPS: 60 @ webpack-internal:///(app-pages-browser)/./src/engine/core/MainLoop/mainLoop.ts:36
[  595446ms] [LOG] APS: 60 | FPS: 60 @ webpack-internal:///(app-pages-browser)/./src/engine/core/MainLoop/mainLoop.ts:36
[  596047ms] [LOG] APS: 60 | FPS: 60 @ webpack-internal:///(app-pages-browser)/./src/engine/core/MainLoop/mainLoop.ts:36
[  596446ms] [LOG] APS: 60 | FPS: 60 @ webpack-internal:///(app-pages-browser)/./src/engine/core/MainLoop/mainLoop.ts:36
[  597047ms] [LOG] APS: 60 | FPS: 60 @ webpack-internal:///(app-pages-browser)/./src/engine/core/MainLoop/mainLoop.ts:36
[  597446ms] [LOG] APS: 60 | FPS: 60 @ webpack-internal:///(app-pages-browser)/./src/engine/core/MainLoop/mainLoop.ts:36
[  598047ms] [LOG] APS: 60 | FPS: 60 @ webpack-internal:///(app-pages-browser)/./src/engine/core/MainLoop/mainLoop.ts:36
[  598446ms] [LOG] APS: 60 | FPS: 60 @ webpack-internal:///(app-pages-browser)/./src/engine/core/MainLoop/mainLoop.ts:36
[  599047ms] [LOG] APS: 60 | FPS: 60 @ webpack-internal:///(app-pages-browser)/./src/engine/core/MainLoop/mainLoop.ts:36
[  599446ms] [LOG] APS: 60 | FPS: 60 @ webpack-internal:///(app-pages-browser)/./src/engine/core/MainLoop/mainLoop.ts:36
[  600047ms] [LOG] APS: 60 | FPS: 60 @ webpack-internal:///(app-pages-browser)/./src/engine/core/MainLoop/mainLoop.ts:36
[  600446ms] [LOG] APS: 60 | FPS: 60 @ webpack-internal:///(app-pages-browser)/./src/engine/core/MainLoop/mainLoop.ts:36
[  601047ms] [LOG] APS: 60 | FPS: 60 @ webpack-internal:///(app-pages-browser)/./src/engine/core/MainLoop/mainLoop.ts:36
[  601446ms] [LOG] APS: 60 | FPS: 60 @ webpack-internal:///(app-pages-browser)/./src/engine/core/MainLoop/mainLoop.ts:36
[  602047ms] [LOG] APS: 60 | FPS: 60 @ webpack-internal:///(app-pages-browser)/./src/engine/core/MainLoop/mainLoop.ts:36
[  602446ms] [LOG] APS: 60 | FPS: 60 @ webpack-internal:///(app-pages-browser)/./src/engine/core/MainLoop/mainLoop.ts:36
[  603047ms] [LOG] APS: 60 | FPS: 60 @ webpack-internal:///(app-pages-browser)/./src/engine/core/MainLoop/mainLoop.ts:36
[  603446ms] [LOG] APS: 60 | FPS: 60 @ webpack-internal:///(app-pages-browser)/./src/engine/core/MainLoop/mainLoop.ts:36
[  604047ms] [LOG] APS: 60 | FPS: 60 @ webpack-internal:///(app-pages-browser)/./src/engine/core/MainLoop/mainLoop.ts:36
[  604446ms] [LOG] APS: 60 | FPS: 60 @ webpack-internal:///(app-pages-browser)/./src/engine/core/MainLoop/mainLoop.ts:36
[  605047ms] [LOG] APS: 60 | FPS: 60 @ webpack-internal:///(app-pages-browser)/./src/engine/core/MainLoop/mainLoop.ts:36
[  605446ms] [LOG] APS: 60 | FPS: 60 @ webpack-internal:///(app-pages-browser)/./src/engine/core/MainLoop/mainLoop.ts:36
[  606047ms] [LOG] APS: 60 | FPS: 60 @ webpack-internal:///(app-pages-browser)/./src/engine/core/MainLoop/mainLoop.ts:36
[  606446ms] [LOG] APS: 60 | FPS: 60 @ webpack-internal:///(app-pages-browser)/./src/engine/core/MainLoop/mainLoop.ts:36
[  607047ms] [LOG] APS: 60 | FPS: 60 @ webpack-internal:///(app-pages-browser)/./src/engine/core/MainLoop/mainLoop.ts:36
[  607446ms] [LOG] APS: 60 | FPS: 60 @ webpack-internal:///(app-pages-browser)/./src/engine/core/MainLoop/mainLoop.ts:36
[  608047ms] [LOG] APS: 60 | FPS: 60 @ webpack-internal:///(app-pages-browser)/./src/engine/core/MainLoop/mainLoop.ts:36
[  608446ms] [LOG] APS: 60 | FPS: 60 @ webpack-internal:///(app-pages-browser)/./src/engine/core/MainLoop/mainLoop.ts:36
[  609047ms] [LOG] APS: 60 | FPS: 60 @ webpack-internal:///(app-pages-browser)/./src/engine/core/MainLoop/mainLoop.ts:36
[  609446ms] [LOG] APS: 60 | FPS: 60 @ webpack-internal:///(app-pages-browser)/./src/engine/core/MainLoop/mainLoop.ts:36
[  610047ms] [LOG] APS: 60 | FPS: 60 @ webpack-internal:///(app-pages-browser)/./src/engine/core/MainLoop/mainLoop.ts:36
[  610446ms] [LOG] APS: 60 | FPS: 60 @ webpack-internal:///(app-pages-browser)/./src/engine/core/MainLoop/mainLoop.ts:36
[  611046ms] [LOG] APS: 60 | FPS: 60 @ webpack-internal:///(app-pages-browser)/./src/engine/core/MainLoop/mainLoop.ts:36
[  611446ms] [LOG] APS: 60 | FPS: 60 @ webpack-internal:///(app-pages-browser)/./src/engine/core/MainLoop/mainLoop.ts:36
[  612046ms] [LOG] APS: 60 | FPS: 60 @ webpack-internal:///(app-pages-browser)/./src/engine/core/MainLoop/mainLoop.ts:36
[  612446ms] [LOG] APS: 60 | FPS: 60 @ webpack-internal:///(app-pages-browser)/./src/engine/core/MainLoop/mainLoop.ts:36
[  613046ms] [LOG] APS: 60 | FPS: 60 @ webpack-internal:///(app-pages-browser)/./src/engine/core/MainLoop/mainLoop.ts:36
[  613445ms] [LOG] APS: 60 | FPS: 60 @ webpack-internal:///(app-pages-browser)/./src/engine/core/MainLoop/mainLoop.ts:36
[  614046ms] [LOG] APS: 60 | FPS: 60 @ webpack-internal:///(app-pages-browser)/./src/engine/core/MainLoop/mainLoop.ts:36
[  614445ms] [LOG] APS: 60 | FPS: 60 @ webpack-internal:///(app-pages-browser)/./src/engine/core/MainLoop/mainLoop.ts:36
[  615047ms] [LOG] APS: 60 | FPS: 60 @ webpack-internal:///(app-pages-browser)/./src/engine/core/MainLoop/mainLoop.ts:36
[  615446ms] [LOG] APS: 60 | FPS: 60 @ webpack-internal:///(app-pages-browser)/./src/engine/core/MainLoop/mainLoop.ts:36
[  616047ms] [LOG] APS: 60 | FPS: 60 @ webpack-internal:///(app-pages-browser)/./src/engine/core/MainLoop/mainLoop.ts:36
[  616446ms] [LOG] APS: 60 | FPS: 60 @ webpack-internal:///(app-pages-browser)/./src/engine/core/MainLoop/mainLoop.ts:36
[  617046ms] [LOG] APS: 60 | FPS: 60 @ webpack-internal:///(app-pages-browser)/./src/engine/core/MainLoop/mainLoop.ts:36
[  617445ms] [LOG] APS: 60 | FPS: 60 @ webpack-internal:///(app-pages-browser)/./src/engine/core/MainLoop/mainLoop.ts:36
[  618046ms] [LOG] APS: 60 | FPS: 60 @ webpack-internal:///(app-pages-browser)/./src/engine/core/MainLoop/mainLoop.ts:36
[  618446ms] [LOG] APS: 60 | FPS: 60 @ webpack-internal:///(app-pages-browser)/./src/engine/core/MainLoop/mainLoop.ts:36
[  619046ms] [LOG] APS: 60 | FPS: 60 @ webpack-internal:///(app-pages-browser)/./src/engine/core/MainLoop/mainLoop.ts:36
[  619445ms] [LOG] APS: 60 | FPS: 60 @ webpack-internal:///(app-pages-browser)/./src/engine/core/MainLoop/mainLoop.ts:36
[  620046ms] [LOG] APS: 60 | FPS: 60 @ webpack-internal:///(app-pages-browser)/./src/engine/core/MainLoop/mainLoop.ts:36
[  620445ms] [LOG] APS: 60 | FPS: 60 @ webpack-internal:///(app-pages-browser)/./src/engine/core/MainLoop/mainLoop.ts:36
[  621046ms] [LOG] APS: 60 | FPS: 60 @ webpack-internal:///(app-pages-browser)/./src/engine/core/MainLoop/mainLoop.ts:36
[  621445ms] [LOG] APS: 60 | FPS: 60 @ webpack-internal:///(app-pages-browser)/./src/engine/core/MainLoop/mainLoop.ts:36
[  622046ms] [LOG] APS: 60 | FPS: 60 @ webpack-internal:///(app-pages-browser)/./src/engine/core/MainLoop/mainLoop.ts:36
[  622445ms] [LOG] APS: 60 | FPS: 60 @ webpack-internal:///(app-pages-browser)/./src/engine/core/MainLoop/mainLoop.ts:36
[  623046ms] [LOG] APS: 60 | FPS: 60 @ webpack-internal:///(app-pages-browser)/./src/engine/core/MainLoop/mainLoop.ts:36
[  623445ms] [LOG] APS: 60 | FPS: 60 @ webpack-internal:///(app-pages-browser)/./src/engine/core/MainLoop/mainLoop.ts:36
[  624046ms] [LOG] APS: 60 | FPS: 60 @ webpack-internal:///(app-pages-browser)/./src/engine/core/MainLoop/mainLoop.ts:36
[  624444ms] [LOG] APS: 60 | FPS: 60 @ webpack-internal:///(app-pages-browser)/./src/engine/core/MainLoop/mainLoop.ts:36
[  625046ms] [LOG] APS: 60 | FPS: 60 @ webpack-internal:///(app-pages-browser)/./src/engine/core/MainLoop/mainLoop.ts:36
[  625445ms] [LOG] APS: 60 | FPS: 60 @ webpack-internal:///(app-pages-browser)/./src/engine/core/MainLoop/mainLoop.ts:36
[  626046ms] [LOG] APS: 60 | FPS: 60 @ webpack-internal:///(app-pages-browser)/./src/engine/core/MainLoop/mainLoop.ts:36
[  626445ms] [LOG] APS: 60 | FPS: 60 @ webpack-internal:///(app-pages-browser)/./src/engine/core/MainLoop/mainLoop.ts:36
[  627046ms] [LOG] APS: 60 | FPS: 60 @ webpack-internal:///(app-pages-browser)/./src/engine/core/MainLoop/mainLoop.ts:36
[  627445ms] [LOG] APS: 60 | FPS: 60 @ webpack-internal:///(app-pages-browser)/./src/engine/core/MainLoop/mainLoop.ts:36
[  628046ms] [LOG] APS: 60 | FPS: 60 @ webpack-internal:///(app-pages-browser)/./src/engine/core/MainLoop/mainLoop.ts:36
[  628445ms] [LOG] APS: 60 | FPS: 60 @ webpack-internal:///(app-pages-browser)/./src/engine/core/MainLoop/mainLoop.ts:36
[  629046ms] [LOG] APS: 60 | FPS: 60 @ webpack-internal:///(app-pages-browser)/./src/engine/core/MainLoop/mainLoop.ts:36
[  629445ms] [LOG] APS: 60 | FPS: 60 @ webpack-internal:///(app-pages-browser)/./src/engine/core/MainLoop/mainLoop.ts:36
[  630046ms] [LOG] APS: 60 | FPS: 60 @ webpack-internal:///(app-pages-browser)/./src/engine/core/MainLoop/mainLoop.ts:36
[  630445ms] [LOG] APS: 60 | FPS: 60 @ webpack-internal:///(app-pages-browser)/./src/engine/core/MainLoop/mainLoop.ts:36
[  631046ms] [LOG] APS: 60 | FPS: 60 @ webpack-internal:///(app-pages-browser)/./src/engine/core/MainLoop/mainLoop.ts:36
[  631445ms] [LOG] APS: 60 | FPS: 60 @ webpack-internal:///(app-pages-browser)/./src/engine/core/MainLoop/mainLoop.ts:36
[  632046ms] [LOG] APS: 60 | FPS: 60 @ webpack-internal:///(app-pages-browser)/./src/engine/core/MainLoop/mainLoop.ts:36
[  632444ms] [LOG] APS: 60 | FPS: 60 @ webpack-internal:///(app-pages-browser)/./src/engine/core/MainLoop/mainLoop.ts:36
[  633046ms] [LOG] APS: 60 | FPS: 60 @ webpack-internal:///(app-pages-browser)/./src/engine/core/MainLoop/mainLoop.ts:36
[  633445ms] [LOG] APS: 60 | FPS: 60 @ webpack-internal:///(app-pages-browser)/./src/engine/core/MainLoop/mainLoop.ts:36
[  634046ms] [LOG] APS: 60 | FPS: 60 @ webpack-internal:///(app-pages-browser)/./src/engine/core/MainLoop/mainLoop.ts:36
[  634445ms] [LOG] APS: 60 | FPS: 60 @ webpack-internal:///(app-pages-browser)/./src/engine/core/MainLoop/mainLoop.ts:36
[  635046ms] [LOG] APS: 60 | FPS: 60 @ webpack-internal:///(app-pages-browser)/./src/engine/core/MainLoop/mainLoop.ts:36
[  635444ms] [LOG] APS: 60 | FPS: 60 @ webpack-internal:///(app-pages-browser)/./src/engine/core/MainLoop/mainLoop.ts:36
[  636046ms] [LOG] APS: 60 | FPS: 60 @ webpack-internal:///(app-pages-browser)/./src/engine/core/MainLoop/mainLoop.ts:36
[  636445ms] [LOG] APS: 60 | FPS: 60 @ webpack-internal:///(app-pages-browser)/./src/engine/core/MainLoop/mainLoop.ts:36
[  637045ms] [LOG] APS: 60 | FPS: 60 @ webpack-internal:///(app-pages-browser)/./src/engine/core/MainLoop/mainLoop.ts:36
[  637445ms] [LOG] APS: 60 | FPS: 60 @ webpack-internal:///(app-pages-browser)/./src/engine/core/MainLoop/mainLoop.ts:36
[  638046ms] [LOG] APS: 60 | FPS: 60 @ webpack-internal:///(app-pages-browser)/./src/engine/core/MainLoop/mainLoop.ts:36
[  638445ms] [LOG] APS: 60 | FPS: 60 @ webpack-internal:///(app-pages-browser)/./src/engine/core/MainLoop/mainLoop.ts:36
[  639045ms] [LOG] APS: 60 | FPS: 60 @ webpack-internal:///(app-pages-browser)/./src/engine/core/MainLoop/mainLoop.ts:36
[  639445ms] [LOG] APS: 60 | FPS: 60 @ webpack-internal:///(app-pages-browser)/./src/engine/core/MainLoop/mainLoop.ts:36
[  640045ms] [LOG] APS: 60 | FPS: 60 @ webpack-internal:///(app-pages-browser)/./src/engine/core/MainLoop/mainLoop.ts:36
[  640444ms] [LOG] APS: 60 | FPS: 60 @ webpack-internal:///(app-pages-browser)/./src/engine/core/MainLoop/mainLoop.ts:36
[  641045ms] [LOG] APS: 60 | FPS: 60 @ webpack-internal:///(app-pages-browser)/./src/engine/core/MainLoop/mainLoop.ts:36
[  641445ms] [LOG] APS: 60 | FPS: 60 @ webpack-internal:///(app-pages-browser)/./src/engine/core/MainLoop/mainLoop.ts:36
[  642045ms] [LOG] APS: 60 | FPS: 60 @ webpack-internal:///(app-pages-browser)/./src/engine/core/MainLoop/mainLoop.ts:36
[  642444ms] [LOG] APS: 60 | FPS: 60 @ webpack-internal:///(app-pages-browser)/./src/engine/core/MainLoop/mainLoop.ts:36
[  643045ms] [LOG] APS: 60 | FPS: 60 @ webpack-internal:///(app-pages-browser)/./src/engine/core/MainLoop/mainLoop.ts:36
[  643444ms] [LOG] APS: 60 | FPS: 60 @ webpack-internal:///(app-pages-browser)/./src/engine/core/MainLoop/mainLoop.ts:36
[  644045ms] [LOG] APS: 60 | FPS: 60 @ webpack-internal:///(app-pages-browser)/./src/engine/core/MainLoop/mainLoop.ts:36
[  644444ms] [LOG] APS: 60 | FPS: 60 @ webpack-internal:///(app-pages-browser)/./src/engine/core/MainLoop/mainLoop.ts:36
[  645045ms] [LOG] APS: 60 | FPS: 60 @ webpack-internal:///(app-pages-browser)/./src/engine/core/MainLoop/mainLoop.ts:36
[  645444ms] [LOG] APS: 60 | FPS: 60 @ webpack-internal:///(app-pages-browser)/./src/engine/core/MainLoop/mainLoop.ts:36
[  646045ms] [LOG] APS: 60 | FPS: 60 @ webpack-internal:///(app-pages-browser)/./src/engine/core/MainLoop/mainLoop.ts:36
[  646444ms] [LOG] APS: 60 | FPS: 60 @ webpack-internal:///(app-pages-browser)/./src/engine/core/MainLoop/mainLoop.ts:36
[  647045ms] [LOG] APS: 60 | FPS: 60 @ webpack-internal:///(app-pages-browser)/./src/engine/core/MainLoop/mainLoop.ts:36
[  647444ms] [LOG] APS: 60 | FPS: 60 @ webpack-internal:///(app-pages-browser)/./src/engine/core/MainLoop/mainLoop.ts:36
[  648045ms] [LOG] APS: 60 | FPS: 60 @ webpack-internal:///(app-pages-browser)/./src/engine/core/MainLoop/mainLoop.ts:36
[  648444ms] [LOG] APS: 60 | FPS: 60 @ webpack-internal:///(app-pages-browser)/./src/engine/core/MainLoop/mainLoop.ts:36
[  649045ms] [LOG] APS: 60 | FPS: 60 @ webpack-internal:///(app-pages-browser)/./src/engine/core/MainLoop/mainLoop.ts:36
[  649444ms] [LOG] APS: 60 | FPS: 60 @ webpack-internal:///(app-pages-browser)/./src/engine/core/MainLoop/mainLoop.ts:36
[  650045ms] [LOG] APS: 60 | FPS: 60 @ webpack-internal:///(app-pages-browser)/./src/engine/core/MainLoop/mainLoop.ts:36
[  650444ms] [LOG] APS: 60 | FPS: 60 @ webpack-internal:///(app-pages-browser)/./src/engine/core/MainLoop/mainLoop.ts:36
[  651045ms] [LOG] APS: 60 | FPS: 60 @ webpack-internal:///(app-pages-browser)/./src/engine/core/MainLoop/mainLoop.ts:36
[  651444ms] [LOG] APS: 60 | FPS: 60 @ webpack-internal:///(app-pages-browser)/./src/engine/core/MainLoop/mainLoop.ts:36
[  652044ms] [LOG] APS: 60 | FPS: 60 @ webpack-internal:///(app-pages-browser)/./src/engine/core/MainLoop/mainLoop.ts:36
[  652444ms] [LOG] APS: 60 | FPS: 60 @ webpack-internal:///(app-pages-browser)/./src/engine/core/MainLoop/mainLoop.ts:36
[  653045ms] [LOG] APS: 60 | FPS: 60 @ webpack-internal:///(app-pages-browser)/./src/engine/core/MainLoop/mainLoop.ts:36
[  653444ms] [LOG] APS: 60 | FPS: 60 @ webpack-internal:///(app-pages-browser)/./src/engine/core/MainLoop/mainLoop.ts:36
[  654045ms] [LOG] APS: 60 | FPS: 60 @ webpack-internal:///(app-pages-browser)/./src/engine/core/MainLoop/mainLoop.ts:36
[  654444ms] [LOG] APS: 60 | FPS: 60 @ webpack-internal:///(app-pages-browser)/./src/engine/core/MainLoop/mainLoop.ts:36
[  655045ms] [LOG] APS: 60 | FPS: 60 @ webpack-internal:///(app-pages-browser)/./src/engine/core/MainLoop/mainLoop.ts:36
[  655444ms] [LOG] APS: 60 | FPS: 60 @ webpack-internal:///(app-pages-browser)/./src/engine/core/MainLoop/mainLoop.ts:36
[  656045ms] [LOG] APS: 60 | FPS: 60 @ webpack-internal:///(app-pages-browser)/./src/engine/core/MainLoop/mainLoop.ts:36
[  656444ms] [LOG] APS: 60 | FPS: 60 @ webpack-internal:///(app-pages-browser)/./src/engine/core/MainLoop/mainLoop.ts:36
[  657045ms] [LOG] APS: 60 | FPS: 60 @ webpack-internal:///(app-pages-browser)/./src/engine/core/MainLoop/mainLoop.ts:36
[  657444ms] [LOG] APS: 60 | FPS: 60 @ webpack-internal:///(app-pages-browser)/./src/engine/core/MainLoop/mainLoop.ts:36
[  658045ms] [LOG] APS: 60 | FPS: 60 @ webpack-internal:///(app-pages-browser)/./src/engine/core/MainLoop/mainLoop.ts:36
[  658444ms] [LOG] APS: 60 | FPS: 60 @ webpack-internal:///(app-pages-browser)/./src/engine/core/MainLoop/mainLoop.ts:36
[  659045ms] [LOG] APS: 60 | FPS: 60 @ webpack-internal:///(app-pages-browser)/./src/engine/core/MainLoop/mainLoop.ts:36
[  659444ms] [LOG] APS: 60 | FPS: 60 @ webpack-internal:///(app-pages-browser)/./src/engine/core/MainLoop/mainLoop.ts:36
[  660045ms] [LOG] APS: 60 | FPS: 60 @ webpack-internal:///(app-pages-browser)/./src/engine/core/MainLoop/mainLoop.ts:36
[  660443ms] [LOG] APS: 60 | FPS: 60 @ webpack-internal:///(app-pages-browser)/./src/engine/core/MainLoop/mainLoop.ts:36
[  661045ms] [LOG] APS: 60 | FPS: 60 @ webpack-internal:///(app-pages-browser)/./src/engine/core/MainLoop/mainLoop.ts:36
[  661444ms] [LOG] APS: 60 | FPS: 60 @ webpack-internal:///(app-pages-browser)/./src/engine/core/MainLoop/mainLoop.ts:36
[  662045ms] [LOG] APS: 60 | FPS: 60 @ webpack-internal:///(app-pages-browser)/./src/engine/core/MainLoop/mainLoop.ts:36
[  662444ms] [LOG] APS: 60 | FPS: 60 @ webpack-internal:///(app-pages-browser)/./src/engine/core/MainLoop/mainLoop.ts:36
[  663044ms] [LOG] APS: 60 | FPS: 60 @ webpack-internal:///(app-pages-browser)/./src/engine/core/MainLoop/mainLoop.ts:36
[  663444ms] [LOG] APS: 60 | FPS: 60 @ webpack-internal:///(app-pages-browser)/./src/engine/core/MainLoop/mainLoop.ts:36
[  664044ms] [LOG] APS: 60 | FPS: 60 @ webpack-internal:///(app-pages-browser)/./src/engine/core/MainLoop/mainLoop.ts:36
[  664443ms] [LOG] APS: 60 | FPS: 60 @ webpack-internal:///(app-pages-browser)/./src/engine/core/MainLoop/mainLoop.ts:36
[  665044ms] [LOG] APS: 60 | FPS: 60 @ webpack-internal:///(app-pages-browser)/./src/engine/core/MainLoop/mainLoop.ts:36
[  665444ms] [LOG] APS: 60 | FPS: 60 @ webpack-internal:///(app-pages-browser)/./src/engine/core/MainLoop/mainLoop.ts:36
[  666045ms] [LOG] APS: 60 | FPS: 60 @ webpack-internal:///(app-pages-browser)/./src/engine/core/MainLoop/mainLoop.ts:36
[  666443ms] [LOG] APS: 60 | FPS: 60 @ webpack-internal:///(app-pages-browser)/./src/engine/core/MainLoop/mainLoop.ts:36
[  667044ms] [LOG] APS: 60 | FPS: 60 @ webpack-internal:///(app-pages-browser)/./src/engine/core/MainLoop/mainLoop.ts:36
[  667443ms] [LOG] APS: 60 | FPS: 60 @ webpack-internal:///(app-pages-browser)/./src/engine/core/MainLoop/mainLoop.ts:36
[  668044ms] [LOG] APS: 60 | FPS: 60 @ webpack-internal:///(app-pages-browser)/./src/engine/core/MainLoop/mainLoop.ts:36
[  668443ms] [LOG] APS: 60 | FPS: 60 @ webpack-internal:///(app-pages-browser)/./src/engine/core/MainLoop/mainLoop.ts:36
[  669043ms] [LOG] APS: 60 | FPS: 60 @ webpack-internal:///(app-pages-browser)/./src/engine/core/MainLoop/mainLoop.ts:36
[  669443ms] [LOG] APS: 60 | FPS: 60 @ webpack-internal:///(app-pages-browser)/./src/engine/core/MainLoop/mainLoop.ts:36
[  670044ms] [LOG] APS: 60 | FPS: 60 @ webpack-internal:///(app-pages-browser)/./src/engine/core/MainLoop/mainLoop.ts:36
[  670443ms] [LOG] APS: 60 | FPS: 60 @ webpack-internal:///(app-pages-browser)/./src/engine/core/MainLoop/mainLoop.ts:36
[  671044ms] [LOG] APS: 60 | FPS: 60 @ webpack-internal:///(app-pages-browser)/./src/engine/core/MainLoop/mainLoop.ts:36
[  671443ms] [LOG] APS: 60 | FPS: 60 @ webpack-internal:///(app-pages-browser)/./src/engine/core/MainLoop/mainLoop.ts:36
[  672044ms] [LOG] APS: 60 | FPS: 60 @ webpack-internal:///(app-pages-browser)/./src/engine/core/MainLoop/mainLoop.ts:36
[  672443ms] [LOG] APS: 60 | FPS: 60 @ webpack-internal:///(app-pages-browser)/./src/engine/core/MainLoop/mainLoop.ts:36
[  673044ms] [LOG] APS: 60 | FPS: 60 @ webpack-internal:///(app-pages-browser)/./src/engine/core/MainLoop/mainLoop.ts:36
[  673443ms] [LOG] APS: 60 | FPS: 60 @ webpack-internal:///(app-pages-browser)/./src/engine/core/MainLoop/mainLoop.ts:36
[  674043ms] [LOG] APS: 60 | FPS: 60 @ webpack-internal:///(app-pages-browser)/./src/engine/core/MainLoop/mainLoop.ts:36
[  674443ms] [LOG] APS: 60 | FPS: 60 @ webpack-internal:///(app-pages-browser)/./src/engine/core/MainLoop/mainLoop.ts:36
[  675043ms] [LOG] APS: 60 | FPS: 60 @ webpack-internal:///(app-pages-browser)/./src/engine/core/MainLoop/mainLoop.ts:36
[  675442ms] [LOG] APS: 60 | FPS: 60 @ webpack-internal:///(app-pages-browser)/./src/engine/core/MainLoop/mainLoop.ts:36
[  676043ms] [LOG] APS: 60 | FPS: 60 @ webpack-internal:///(app-pages-browser)/./src/engine/core/MainLoop/mainLoop.ts:36
[  676443ms] [LOG] APS: 60 | FPS: 60 @ webpack-internal:///(app-pages-browser)/./src/engine/core/MainLoop/mainLoop.ts:36
[  677043ms] [LOG] APS: 60 | FPS: 60 @ webpack-internal:///(app-pages-browser)/./src/engine/core/MainLoop/mainLoop.ts:36
[  677442ms] [LOG] APS: 60 | FPS: 60 @ webpack-internal:///(app-pages-browser)/./src/engine/core/MainLoop/mainLoop.ts:36
[  678044ms] [LOG] APS: 60 | FPS: 60 @ webpack-internal:///(app-pages-browser)/./src/engine/core/MainLoop/mainLoop.ts:36
[  678443ms] [LOG] APS: 60 | FPS: 60 @ webpack-internal:///(app-pages-browser)/./src/engine/core/MainLoop/mainLoop.ts:36
[  679044ms] [LOG] APS: 60 | FPS: 60 @ webpack-internal:///(app-pages-browser)/./src/engine/core/MainLoop/mainLoop.ts:36
[  679443ms] [LOG] APS: 60 | FPS: 60 @ webpack-internal:///(app-pages-browser)/./src/engine/core/MainLoop/mainLoop.ts:36
[  680044ms] [LOG] APS: 60 | FPS: 60 @ webpack-internal:///(app-pages-browser)/./src/engine/core/MainLoop/mainLoop.ts:36
[  680443ms] [LOG] APS: 60 | FPS: 60 @ webpack-internal:///(app-pages-browser)/./src/engine/core/MainLoop/mainLoop.ts:36
[  681043ms] [LOG] APS: 60 | FPS: 60 @ webpack-internal:///(app-pages-browser)/./src/engine/core/MainLoop/mainLoop.ts:36
[  681442ms] [LOG] APS: 60 | FPS: 60 @ webpack-internal:///(app-pages-browser)/./src/engine/core/MainLoop/mainLoop.ts:36
[  682044ms] [LOG] APS: 60 | FPS: 60 @ webpack-internal:///(app-pages-browser)/./src/engine/core/MainLoop/mainLoop.ts:36
[  682443ms] [LOG] APS: 60 | FPS: 60 @ webpack-internal:///(app-pages-browser)/./src/engine/core/MainLoop/mainLoop.ts:36
[  683044ms] [LOG] APS: 60 | FPS: 60 @ webpack-internal:///(app-pages-browser)/./src/engine/core/MainLoop/mainLoop.ts:36
[  683443ms] [LOG] APS: 60 | FPS: 60 @ webpack-internal:///(app-pages-browser)/./src/engine/core/MainLoop/mainLoop.ts:36
[  684044ms] [LOG] APS: 60 | FPS: 60 @ webpack-internal:///(app-pages-browser)/./src/engine/core/MainLoop/mainLoop.ts:36
[  684443ms] [LOG] APS: 60 | FPS: 60 @ webpack-internal:///(app-pages-browser)/./src/engine/core/MainLoop/mainLoop.ts:36
[  685044ms] [LOG] APS: 60 | FPS: 60 @ webpack-internal:///(app-pages-browser)/./src/engine/core/MainLoop/mainLoop.ts:36
[  685443ms] [LOG] APS: 60 | FPS: 60 @ webpack-internal:///(app-pages-browser)/./src/engine/core/MainLoop/mainLoop.ts:36
[  686044ms] [LOG] APS: 60 | FPS: 60 @ webpack-internal:///(app-pages-browser)/./src/engine/core/MainLoop/mainLoop.ts:36
[  686443ms] [LOG] APS: 60 | FPS: 60 @ webpack-internal:///(app-pages-browser)/./src/engine/core/MainLoop/mainLoop.ts:36
[  687044ms] [LOG] APS: 60 | FPS: 60 @ webpack-internal:///(app-pages-browser)/./src/engine/core/MainLoop/mainLoop.ts:36
[  687443ms] [LOG] APS: 60 | FPS: 60 @ webpack-internal:///(app-pages-browser)/./src/engine/core/MainLoop/mainLoop.ts:36
[  688043ms] [LOG] APS: 60 | FPS: 60 @ webpack-internal:///(app-pages-browser)/./src/engine/core/MainLoop/mainLoop.ts:36
[  688442ms] [LOG] APS: 60 | FPS: 60 @ webpack-internal:///(app-pages-browser)/./src/engine/core/MainLoop/mainLoop.ts:36
[  689043ms] [LOG] APS: 60 | FPS: 60 @ webpack-internal:///(app-pages-browser)/./src/engine/core/MainLoop/mainLoop.ts:36
[  689442ms] [LOG] APS: 60 | FPS: 60 @ webpack-internal:///(app-pages-browser)/./src/engine/core/MainLoop/mainLoop.ts:36
[  690043ms] [LOG] APS: 60 | FPS: 60 @ webpack-internal:///(app-pages-browser)/./src/engine/core/MainLoop/mainLoop.ts:36
[  690442ms] [LOG] APS: 60 | FPS: 60 @ webpack-internal:///(app-pages-browser)/./src/engine/core/MainLoop/mainLoop.ts:36
[  691043ms] [LOG] APS: 60 | FPS: 60 @ webpack-internal:///(app-pages-browser)/./src/engine/core/MainLoop/mainLoop.ts:36
[  691442ms] [LOG] APS: 60 | FPS: 60 @ webpack-internal:///(app-pages-browser)/./src/engine/core/MainLoop/mainLoop.ts:36
[  692043ms] [LOG] APS: 60 | FPS: 60 @ webpack-internal:///(app-pages-browser)/./src/engine/core/MainLoop/mainLoop.ts:36
[  692442ms] [LOG] APS: 60 | FPS: 60 @ webpack-internal:///(app-pages-browser)/./src/engine/core/MainLoop/mainLoop.ts:36
[  693043ms] [LOG] APS: 60 | FPS: 60 @ webpack-internal:///(app-pages-browser)/./src/engine/core/MainLoop/mainLoop.ts:36
[  693442ms] [LOG] APS: 60 | FPS: 60 @ webpack-internal:///(app-pages-browser)/./src/engine/core/MainLoop/mainLoop.ts:36
[  694043ms] [LOG] APS: 60 | FPS: 60 @ webpack-internal:///(app-pages-browser)/./src/engine/core/MainLoop/mainLoop.ts:36
[  694442ms] [LOG] APS: 60 | FPS: 60 @ webpack-internal:///(app-pages-browser)/./src/engine/core/MainLoop/mainLoop.ts:36
[  695043ms] [LOG] APS: 60 | FPS: 60 @ webpack-internal:///(app-pages-browser)/./src/engine/core/MainLoop/mainLoop.ts:36
[  695442ms] [LOG] APS: 60 | FPS: 60 @ webpack-internal:///(app-pages-browser)/./src/engine/core/MainLoop/mainLoop.ts:36
[  696043ms] [LOG] APS: 60 | FPS: 60 @ webpack-internal:///(app-pages-browser)/./src/engine/core/MainLoop/mainLoop.ts:36
[  696442ms] [LOG] APS: 60 | FPS: 60 @ webpack-internal:///(app-pages-browser)/./src/engine/core/MainLoop/mainLoop.ts:36
[  697043ms] [LOG] APS: 60 | FPS: 60 @ webpack-internal:///(app-pages-browser)/./src/engine/core/MainLoop/mainLoop.ts:36
[  697442ms] [LOG] APS: 60 | FPS: 60 @ webpack-internal:///(app-pages-browser)/./src/engine/core/MainLoop/mainLoop.ts:36
[  698043ms] [LOG] APS: 60 | FPS: 60 @ webpack-internal:///(app-pages-browser)/./src/engine/core/MainLoop/mainLoop.ts:36
[  698442ms] [LOG] APS: 60 | FPS: 60 @ webpack-internal:///(app-pages-browser)/./src/engine/core/MainLoop/mainLoop.ts:36
[  699043ms] [LOG] APS: 60 | FPS: 60 @ webpack-internal:///(app-pages-browser)/./src/engine/core/MainLoop/mainLoop.ts:36
[  699442ms] [LOG] APS: 60 | FPS: 60 @ webpack-internal:///(app-pages-browser)/./src/engine/core/MainLoop/mainLoop.ts:36
[  700043ms] [LOG] APS: 60 | FPS: 60 @ webpack-internal:///(app-pages-browser)/./src/engine/core/MainLoop/mainLoop.ts:36
[  700442ms] [LOG] APS: 60 | FPS: 60 @ webpack-internal:///(app-pages-browser)/./src/engine/core/MainLoop/mainLoop.ts:36
[  701043ms] [LOG] APS: 60 | FPS: 60 @ webpack-internal:///(app-pages-browser)/./src/engine/core/MainLoop/mainLoop.ts:36
[  701442ms] [LOG] APS: 60 | FPS: 60 @ webpack-internal:///(app-pages-browser)/./src/engine/core/MainLoop/mainLoop.ts:36
[  702043ms] [LOG] APS: 60 | FPS: 60 @ webpack-internal:///(app-pages-browser)/./src/engine/core/MainLoop/mainLoop.ts:36
[  702442ms] [LOG] APS: 60 | FPS: 60 @ webpack-internal:///(app-pages-browser)/./src/engine/core/MainLoop/mainLoop.ts:36
[  703043ms] [LOG] APS: 60 | FPS: 60 @ webpack-internal:///(app-pages-browser)/./src/engine/core/MainLoop/mainLoop.ts:36
[  703442ms] [LOG] APS: 60 | FPS: 60 @ webpack-internal:///(app-pages-browser)/./src/engine/core/MainLoop/mainLoop.ts:36
[  704043ms] [LOG] APS: 60 | FPS: 60 @ webpack-internal:///(app-pages-browser)/./src/engine/core/MainLoop/mainLoop.ts:36
[  704442ms] [LOG] APS: 60 | FPS: 60 @ webpack-internal:///(app-pages-browser)/./src/engine/core/MainLoop/mainLoop.ts:36
[  705043ms] [LOG] APS: 60 | FPS: 60 @ webpack-internal:///(app-pages-browser)/./src/engine/core/MainLoop/mainLoop.ts:36
[  705442ms] [LOG] APS: 60 | FPS: 60 @ webpack-internal:///(app-pages-browser)/./src/engine/core/MainLoop/mainLoop.ts:36
[  706043ms] [LOG] APS: 60 | FPS: 60 @ webpack-internal:///(app-pages-browser)/./src/engine/core/MainLoop/mainLoop.ts:36
[  706442ms] [LOG] APS: 60 | FPS: 60 @ webpack-internal:///(app-pages-browser)/./src/engine/core/MainLoop/mainLoop.ts:36
[  707043ms] [LOG] APS: 60 | FPS: 60 @ webpack-internal:///(app-pages-browser)/./src/engine/core/MainLoop/mainLoop.ts:36
[  707442ms] [LOG] APS: 60 | FPS: 60 @ webpack-internal:///(app-pages-browser)/./src/engine/core/MainLoop/mainLoop.ts:36
[  708043ms] [LOG] APS: 60 | FPS: 60 @ webpack-internal:///(app-pages-browser)/./src/engine/core/MainLoop/mainLoop.ts:36
[  708442ms] [LOG] APS: 60 | FPS: 60 @ webpack-internal:///(app-pages-browser)/./src/engine/core/MainLoop/mainLoop.ts:36
[  709041ms] [LOG] APS: 60 | FPS: 60 @ webpack-internal:///(app-pages-browser)/./src/engine/core/MainLoop/mainLoop.ts:36
[  709441ms] [LOG] APS: 60 | FPS: 60 @ webpack-internal:///(app-pages-browser)/./src/engine/core/MainLoop/mainLoop.ts:36
[  710042ms] [LOG] APS: 60 | FPS: 60 @ webpack-internal:///(app-pages-browser)/./src/engine/core/MainLoop/mainLoop.ts:36
[  710441ms] [LOG] APS: 60 | FPS: 60 @ webpack-internal:///(app-pages-browser)/./src/engine/core/MainLoop/mainLoop.ts:36
[  711042ms] [LOG] APS: 60 | FPS: 60 @ webpack-internal:///(app-pages-browser)/./src/engine/core/MainLoop/mainLoop.ts:36
[  711441ms] [LOG] APS: 60 | FPS: 60 @ webpack-internal:///(app-pages-browser)/./src/engine/core/MainLoop/mainLoop.ts:36
[  712042ms] [LOG] APS: 60 | FPS: 60 @ webpack-internal:///(app-pages-browser)/./src/engine/core/MainLoop/mainLoop.ts:36
[  712441ms] [LOG] APS: 60 | FPS: 60 @ webpack-internal:///(app-pages-browser)/./src/engine/core/MainLoop/mainLoop.ts:36
[  713041ms] [LOG] APS: 60 | FPS: 60 @ webpack-internal:///(app-pages-browser)/./src/engine/core/MainLoop/mainLoop.ts:36
[  713441ms] [LOG] APS: 60 | FPS: 60 @ webpack-internal:///(app-pages-browser)/./src/engine/core/MainLoop/mainLoop.ts:36
[  714041ms] [LOG] APS: 60 | FPS: 60 @ webpack-internal:///(app-pages-browser)/./src/engine/core/MainLoop/mainLoop.ts:36
[  714441ms] [LOG] APS: 60 | FPS: 60 @ webpack-internal:///(app-pages-browser)/./src/engine/core/MainLoop/mainLoop.ts:36
[  715041ms] [LOG] APS: 60 | FPS: 60 @ webpack-internal:///(app-pages-browser)/./src/engine/core/MainLoop/mainLoop.ts:36
[  715441ms] [LOG] APS: 60 | FPS: 60 @ webpack-internal:///(app-pages-browser)/./src/engine/core/MainLoop/mainLoop.ts:36
[  716042ms] [LOG] APS: 60 | FPS: 60 @ webpack-internal:///(app-pages-browser)/./src/engine/core/MainLoop/mainLoop.ts:36
[  716441ms] [LOG] APS: 60 | FPS: 60 @ webpack-internal:///(app-pages-browser)/./src/engine/core/MainLoop/mainLoop.ts:36
[  717041ms] [LOG] APS: 60 | FPS: 60 @ webpack-internal:///(app-pages-browser)/./src/engine/core/MainLoop/mainLoop.ts:36
[  717441ms] [LOG] APS: 60 | FPS: 60 @ webpack-internal:///(app-pages-browser)/./src/engine/core/MainLoop/mainLoop.ts:36
[  718041ms] [LOG] APS: 60 | FPS: 60 @ webpack-internal:///(app-pages-browser)/./src/engine/core/MainLoop/mainLoop.ts:36
[  718441ms] [LOG] APS: 60 | FPS: 60 @ webpack-internal:///(app-pages-browser)/./src/engine/core/MainLoop/mainLoop.ts:36
[  719041ms] [LOG] APS: 60 | FPS: 60 @ webpack-internal:///(app-pages-browser)/./src/engine/core/MainLoop/mainLoop.ts:36
[  719441ms] [LOG] APS: 60 | FPS: 60 @ webpack-internal:///(app-pages-browser)/./src/engine/core/MainLoop/mainLoop.ts:36
[  720041ms] [LOG] APS: 60 | FPS: 60 @ webpack-internal:///(app-pages-browser)/./src/engine/core/MainLoop/mainLoop.ts:36
[  720440ms] [LOG] APS: 60 | FPS: 60 @ webpack-internal:///(app-pages-browser)/./src/engine/core/MainLoop/mainLoop.ts:36
[  721042ms] [LOG] APS: 60 | FPS: 60 @ webpack-internal:///(app-pages-browser)/./src/engine/core/MainLoop/mainLoop.ts:36
[  721440ms] [LOG] APS: 60 | FPS: 60 @ webpack-internal:///(app-pages-browser)/./src/engine/core/MainLoop/mainLoop.ts:36
[  722041ms] [LOG] APS: 60 | FPS: 60 @ webpack-internal:///(app-pages-browser)/./src/engine/core/MainLoop/mainLoop.ts:36
[  722440ms] [LOG] APS: 60 | FPS: 60 @ webpack-internal:///(app-pages-browser)/./src/engine/core/MainLoop/mainLoop.ts:36
[  723041ms] [LOG] APS: 60 | FPS: 60 @ webpack-internal:///(app-pages-browser)/./src/engine/core/MainLoop/mainLoop.ts:36
[  723440ms] [LOG] APS: 60 | FPS: 60 @ webpack-internal:///(app-pages-browser)/./src/engine/core/MainLoop/mainLoop.ts:36
[  724041ms] [LOG] APS: 60 | FPS: 60 @ webpack-internal:///(app-pages-browser)/./src/engine/core/MainLoop/mainLoop.ts:36
[  724441ms] [LOG] APS: 60 | FPS: 60 @ webpack-internal:///(app-pages-browser)/./src/engine/core/MainLoop/mainLoop.ts:36
[  725041ms] [LOG] APS: 60 | FPS: 60 @ webpack-internal:///(app-pages-browser)/./src/engine/core/MainLoop/mainLoop.ts:36
[  725440ms] [LOG] APS: 60 | FPS: 60 @ webpack-internal:///(app-pages-browser)/./src/engine/core/MainLoop/mainLoop.ts:36
[  726041ms] [LOG] APS: 60 | FPS: 60 @ webpack-internal:///(app-pages-browser)/./src/engine/core/MainLoop/mainLoop.ts:36
[  726440ms] [LOG] APS: 60 | FPS: 60 @ webpack-internal:///(app-pages-browser)/./src/engine/core/MainLoop/mainLoop.ts:36
[  727041ms] [LOG] APS: 60 | FPS: 60 @ webpack-internal:///(app-pages-browser)/./src/engine/core/MainLoop/mainLoop.ts:36
[  727440ms] [LOG] APS: 60 | FPS: 60 @ webpack-internal:///(app-pages-browser)/./src/engine/core/MainLoop/mainLoop.ts:36
[  728041ms] [LOG] APS: 60 | FPS: 60 @ webpack-internal:///(app-pages-browser)/./src/engine/core/MainLoop/mainLoop.ts:36
[  728440ms] [LOG] APS: 60 | FPS: 60 @ webpack-internal:///(app-pages-browser)/./src/engine/core/MainLoop/mainLoop.ts:36
[  729041ms] [LOG] APS: 60 | FPS: 60 @ webpack-internal:///(app-pages-browser)/./src/engine/core/MainLoop/mainLoop.ts:36
[  729440ms] [LOG] APS: 60 | FPS: 60 @ webpack-internal:///(app-pages-browser)/./src/engine/core/MainLoop/mainLoop.ts:36
[  730041ms] [LOG] APS: 60 | FPS: 60 @ webpack-internal:///(app-pages-browser)/./src/engine/core/MainLoop/mainLoop.ts:36
[  730440ms] [LOG] APS: 60 | FPS: 60 @ webpack-internal:///(app-pages-browser)/./src/engine/core/MainLoop/mainLoop.ts:36
[  731041ms] [LOG] APS: 60 | FPS: 60 @ webpack-internal:///(app-pages-browser)/./src/engine/core/MainLoop/mainLoop.ts:36
[  731441ms] [LOG] APS: 60 | FPS: 60 @ webpack-internal:///(app-pages-browser)/./src/engine/core/MainLoop/mainLoop.ts:36
[  732041ms] [LOG] APS: 60 | FPS: 60 @ webpack-internal:///(app-pages-browser)/./src/engine/core/MainLoop/mainLoop.ts:36
[  732441ms] [LOG] APS: 60 | FPS: 60 @ webpack-internal:///(app-pages-browser)/./src/engine/core/MainLoop/mainLoop.ts:36
[  733041ms] [LOG] APS: 60 | FPS: 60 @ webpack-internal:///(app-pages-browser)/./src/engine/core/MainLoop/mainLoop.ts:36
[  733440ms] [LOG] APS: 60 | FPS: 60 @ webpack-internal:///(app-pages-browser)/./src/engine/core/MainLoop/mainLoop.ts:36
[  734041ms] [LOG] APS: 60 | FPS: 60 @ webpack-internal:///(app-pages-browser)/./src/engine/core/MainLoop/mainLoop.ts:36
[  734440ms] [LOG] APS: 60 | FPS: 60 @ webpack-internal:///(app-pages-browser)/./src/engine/core/MainLoop/mainLoop.ts:36
[  735041ms] [LOG] APS: 60 | FPS: 60 @ webpack-internal:///(app-pages-browser)/./src/engine/core/MainLoop/mainLoop.ts:36
[  735440ms] [LOG] APS: 60 | FPS: 60 @ webpack-internal:///(app-pages-browser)/./src/engine/core/MainLoop/mainLoop.ts:36
[  736041ms] [LOG] APS: 60 | FPS: 60 @ webpack-internal:///(app-pages-browser)/./src/engine/core/MainLoop/mainLoop.ts:36
[  736440ms] [LOG] APS: 60 | FPS: 60 @ webpack-internal:///(app-pages-browser)/./src/engine/core/MainLoop/mainLoop.ts:36
[  737041ms] [LOG] APS: 60 | FPS: 60 @ webpack-internal:///(app-pages-browser)/./src/engine/core/MainLoop/mainLoop.ts:36
[  737440ms] [LOG] APS: 60 | FPS: 60 @ webpack-internal:///(app-pages-browser)/./src/engine/core/MainLoop/mainLoop.ts:36
[  738041ms] [LOG] APS: 60 | FPS: 60 @ webpack-internal:///(app-pages-browser)/./src/engine/core/MainLoop/mainLoop.ts:36
[  738440ms] [LOG] APS: 60 | FPS: 60 @ webpack-internal:///(app-pages-browser)/./src/engine/core/MainLoop/mainLoop.ts:36
[  739041ms] [LOG] APS: 60 | FPS: 60 @ webpack-internal:///(app-pages-browser)/./src/engine/core/MainLoop/mainLoop.ts:36
[  739439ms] [LOG] APS: 60 | FPS: 60 @ webpack-internal:///(app-pages-browser)/./src/engine/core/MainLoop/mainLoop.ts:36
[  740041ms] [LOG] APS: 60 | FPS: 60 @ webpack-internal:///(app-pages-browser)/./src/engine/core/MainLoop/mainLoop.ts:36
[  740440ms] [LOG] APS: 60 | FPS: 60 @ webpack-internal:///(app-pages-browser)/./src/engine/core/MainLoop/mainLoop.ts:36
[  741041ms] [LOG] APS: 60 | FPS: 60 @ webpack-internal:///(app-pages-browser)/./src/engine/core/MainLoop/mainLoop.ts:36
[  741440ms] [LOG] APS: 60 | FPS: 60 @ webpack-internal:///(app-pages-browser)/./src/engine/core/MainLoop/mainLoop.ts:36
[  742041ms] [LOG] APS: 60 | FPS: 60 @ webpack-internal:///(app-pages-browser)/./src/engine/core/MainLoop/mainLoop.ts:36
[  742440ms] [LOG] APS: 60 | FPS: 60 @ webpack-internal:///(app-pages-browser)/./src/engine/core/MainLoop/mainLoop.ts:36
[  743041ms] [LOG] APS: 60 | FPS: 60 @ webpack-internal:///(app-pages-browser)/./src/engine/core/MainLoop/mainLoop.ts:36
[  743440ms] [LOG] APS: 60 | FPS: 60 @ webpack-internal:///(app-pages-browser)/./src/engine/core/MainLoop/mainLoop.ts:36
[  744041ms] [LOG] APS: 60 | FPS: 60 @ webpack-internal:///(app-pages-browser)/./src/engine/core/MainLoop/mainLoop.ts:36
[  744440ms] [LOG] APS: 60 | FPS: 60 @ webpack-internal:///(app-pages-browser)/./src/engine/core/MainLoop/mainLoop.ts:36
[  745041ms] [LOG] APS: 60 | FPS: 60 @ webpack-internal:///(app-pages-browser)/./src/engine/core/MainLoop/mainLoop.ts:36
[  745440ms] [LOG] APS: 60 | FPS: 60 @ webpack-internal:///(app-pages-browser)/./src/engine/core/MainLoop/mainLoop.ts:36
[  746041ms] [LOG] APS: 60 | FPS: 60 @ webpack-internal:///(app-pages-browser)/./src/engine/core/MainLoop/mainLoop.ts:36
[  746440ms] [LOG] APS: 60 | FPS: 60 @ webpack-internal:///(app-pages-browser)/./src/engine/core/MainLoop/mainLoop.ts:36
[  747041ms] [LOG] APS: 60 | FPS: 60 @ webpack-internal:///(app-pages-browser)/./src/engine/core/MainLoop/mainLoop.ts:36
[  747440ms] [LOG] APS: 60 | FPS: 60 @ webpack-internal:///(app-pages-browser)/./src/engine/core/MainLoop/mainLoop.ts:36
[  748041ms] [LOG] APS: 60 | FPS: 60 @ webpack-internal:///(app-pages-browser)/./src/engine/core/MainLoop/mainLoop.ts:36
[  748440ms] [LOG] APS: 60 | FPS: 60 @ webpack-internal:///(app-pages-browser)/./src/engine/core/MainLoop/mainLoop.ts:36
[  749041ms] [LOG] APS: 60 | FPS: 60 @ webpack-internal:///(app-pages-browser)/./src/engine/core/MainLoop/mainLoop.ts:36
[  749440ms] [LOG] APS: 60 | FPS: 60 @ webpack-internal:///(app-pages-browser)/./src/engine/core/MainLoop/mainLoop.ts:36
[  750041ms] [LOG] APS: 60 | FPS: 60 @ webpack-internal:///(app-pages-browser)/./src/engine/core/MainLoop/mainLoop.ts:36
[  750440ms] [LOG] APS: 60 | FPS: 60 @ webpack-internal:///(app-pages-browser)/./src/engine/core/MainLoop/mainLoop.ts:36
[  751041ms] [LOG] APS: 60 | FPS: 60 @ webpack-internal:///(app-pages-browser)/./src/engine/core/MainLoop/mainLoop.ts:36
[  751440ms] [LOG] APS: 60 | FPS: 60 @ webpack-internal:///(app-pages-browser)/./src/engine/core/MainLoop/mainLoop.ts:36
[  752041ms] [LOG] APS: 60 | FPS: 60 @ webpack-internal:///(app-pages-browser)/./src/engine/core/MainLoop/mainLoop.ts:36
[  752440ms] [LOG] APS: 60 | FPS: 60 @ webpack-internal:///(app-pages-browser)/./src/engine/core/MainLoop/mainLoop.ts:36
[  753041ms] [LOG] APS: 60 | FPS: 60 @ webpack-internal:///(app-pages-browser)/./src/engine/core/MainLoop/mainLoop.ts:36
[  753440ms] [LOG] APS: 60 | FPS: 60 @ webpack-internal:///(app-pages-browser)/./src/engine/core/MainLoop/mainLoop.ts:36
[  754041ms] [LOG] APS: 60 | FPS: 60 @ webpack-internal:///(app-pages-browser)/./src/engine/core/MainLoop/mainLoop.ts:36
[  754441ms] [LOG] APS: 60 | FPS: 60 @ webpack-internal:///(app-pages-browser)/./src/engine/core/MainLoop/mainLoop.ts:36
[  755042ms] [LOG] APS: 60 | FPS: 60 @ webpack-internal:///(app-pages-browser)/./src/engine/core/MainLoop/mainLoop.ts:36
[  755440ms] [LOG] APS: 60 | FPS: 60 @ webpack-internal:///(app-pages-browser)/./src/engine/core/MainLoop/mainLoop.ts:36
[  756042ms] [LOG] APS: 60 | FPS: 60 @ webpack-internal:///(app-pages-browser)/./src/engine/core/MainLoop/mainLoop.ts:36
[  756441ms] [LOG] APS: 60 | FPS: 60 @ webpack-internal:///(app-pages-browser)/./src/engine/core/MainLoop/mainLoop.ts:36
[  757042ms] [LOG] APS: 60 | FPS: 60 @ webpack-internal:///(app-pages-browser)/./src/engine/core/MainLoop/mainLoop.ts:36
[  757441ms] [LOG] APS: 60 | FPS: 60 @ webpack-internal:///(app-pages-browser)/./src/engine/core/MainLoop/mainLoop.ts:36
[  758042ms] [LOG] APS: 60 | FPS: 60 @ webpack-internal:///(app-pages-browser)/./src/engine/core/MainLoop/mainLoop.ts:36
[  758441ms] [LOG] APS: 60 | FPS: 60 @ webpack-internal:///(app-pages-browser)/./src/engine/core/MainLoop/mainLoop.ts:36
[  759042ms] [LOG] APS: 60 | FPS: 60 @ webpack-internal:///(app-pages-browser)/./src/engine/core/MainLoop/mainLoop.ts:36
[  759441ms] [LOG] APS: 60 | FPS: 60 @ webpack-internal:///(app-pages-browser)/./src/engine/core/MainLoop/mainLoop.ts:36
[  760042ms] [LOG] APS: 60 | FPS: 60 @ webpack-internal:///(app-pages-browser)/./src/engine/core/MainLoop/mainLoop.ts:36
[  760441ms] [LOG] APS: 60 | FPS: 60 @ webpack-internal:///(app-pages-browser)/./src/engine/core/MainLoop/mainLoop.ts:36
[  761042ms] [LOG] APS: 60 | FPS: 60 @ webpack-internal:///(app-pages-browser)/./src/engine/core/MainLoop/mainLoop.ts:36
[  761441ms] [LOG] APS: 60 | FPS: 60 @ webpack-internal:///(app-pages-browser)/./src/engine/core/MainLoop/mainLoop.ts:36
[  762042ms] [LOG] APS: 60 | FPS: 60 @ webpack-internal:///(app-pages-browser)/./src/engine/core/MainLoop/mainLoop.ts:36
[  762441ms] [LOG] APS: 60 | FPS: 60 @ webpack-internal:///(app-pages-browser)/./src/engine/core/MainLoop/mainLoop.ts:36
[  763042ms] [LOG] APS: 60 | FPS: 60 @ webpack-internal:///(app-pages-browser)/./src/engine/core/MainLoop/mainLoop.ts:36
[  763441ms] [LOG] APS: 60 | FPS: 60 @ webpack-internal:///(app-pages-browser)/./src/engine/core/MainLoop/mainLoop.ts:36
[  764042ms] [LOG] APS: 60 | FPS: 60 @ webpack-internal:///(app-pages-browser)/./src/engine/core/MainLoop/mainLoop.ts:36
[  764441ms] [LOG] APS: 60 | FPS: 60 @ webpack-internal:///(app-pages-browser)/./src/engine/core/MainLoop/mainLoop.ts:36
[  765042ms] [LOG] APS: 60 | FPS: 60 @ webpack-internal:///(app-pages-browser)/./src/engine/core/MainLoop/mainLoop.ts:36
[  765441ms] [LOG] APS: 60 | FPS: 60 @ webpack-internal:///(app-pages-browser)/./src/engine/core/MainLoop/mainLoop.ts:36
[  766042ms] [LOG] APS: 60 | FPS: 60 @ webpack-internal:///(app-pages-browser)/./src/engine/core/MainLoop/mainLoop.ts:36
[  766441ms] [LOG] APS: 60 | FPS: 60 @ webpack-internal:///(app-pages-browser)/./src/engine/core/MainLoop/mainLoop.ts:36
[  767042ms] [LOG] APS: 60 | FPS: 60 @ webpack-internal:///(app-pages-browser)/./src/engine/core/MainLoop/mainLoop.ts:36
[  767441ms] [LOG] APS: 60 | FPS: 60 @ webpack-internal:///(app-pages-browser)/./src/engine/core/MainLoop/mainLoop.ts:36
[  768042ms] [LOG] APS: 60 | FPS: 60 @ webpack-internal:///(app-pages-browser)/./src/engine/core/MainLoop/mainLoop.ts:36
[  768441ms] [LOG] APS: 60 | FPS: 60 @ webpack-internal:///(app-pages-browser)/./src/engine/core/MainLoop/mainLoop.ts:36
[  769041ms] [LOG] APS: 60 | FPS: 60 @ webpack-internal:///(app-pages-browser)/./src/engine/core/MainLoop/mainLoop.ts:36
[  769441ms] [LOG] APS: 60 | FPS: 60 @ webpack-internal:///(app-pages-browser)/./src/engine/core/MainLoop/mainLoop.ts:36
[  770042ms] [LOG] APS: 60 | FPS: 60 @ webpack-internal:///(app-pages-browser)/./src/engine/core/MainLoop/mainLoop.ts:36
[  770441ms] [LOG] APS: 60 | FPS: 60 @ webpack-internal:///(app-pages-browser)/./src/engine/core/MainLoop/mainLoop.ts:36
[  771042ms] [LOG] APS: 60 | FPS: 60 @ webpack-internal:///(app-pages-browser)/./src/engine/core/MainLoop/mainLoop.ts:36
[  771441ms] [LOG] APS: 60 | FPS: 60 @ webpack-internal:///(app-pages-browser)/./src/engine/core/MainLoop/mainLoop.ts:36
[  772042ms] [LOG] APS: 60 | FPS: 60 @ webpack-internal:///(app-pages-browser)/./src/engine/core/MainLoop/mainLoop.ts:36
[  772441ms] [LOG] APS: 60 | FPS: 60 @ webpack-internal:///(app-pages-browser)/./src/engine/core/MainLoop/mainLoop.ts:36
[  773042ms] [LOG] APS: 60 | FPS: 60 @ webpack-internal:///(app-pages-browser)/./src/engine/core/MainLoop/mainLoop.ts:36
[  773441ms] [LOG] APS: 60 | FPS: 60 @ webpack-internal:///(app-pages-browser)/./src/engine/core/MainLoop/mainLoop.ts:36
[  774042ms] [LOG] APS: 60 | FPS: 60 @ webpack-internal:///(app-pages-browser)/./src/engine/core/MainLoop/mainLoop.ts:36
[  774441ms] [LOG] APS: 60 | FPS: 60 @ webpack-internal:///(app-pages-browser)/./src/engine/core/MainLoop/mainLoop.ts:36
[  775042ms] [LOG] APS: 60 | FPS: 60 @ webpack-internal:///(app-pages-browser)/./src/engine/core/MainLoop/mainLoop.ts:36
[  775441ms] [LOG] APS: 60 | FPS: 60 @ webpack-internal:///(app-pages-browser)/./src/engine/core/MainLoop/mainLoop.ts:36
[  776042ms] [LOG] APS: 60 | FPS: 60 @ webpack-internal:///(app-pages-browser)/./src/engine/core/MainLoop/mainLoop.ts:36
[  776441ms] [LOG] APS: 60 | FPS: 60 @ webpack-internal:///(app-pages-browser)/./src/engine/core/MainLoop/mainLoop.ts:36
[  777042ms] [LOG] APS: 60 | FPS: 60 @ webpack-internal:///(app-pages-browser)/./src/engine/core/MainLoop/mainLoop.ts:36
[  777441ms] [LOG] APS: 60 | FPS: 60 @ webpack-internal:///(app-pages-browser)/./src/engine/core/MainLoop/mainLoop.ts:36
[  778042ms] [LOG] APS: 60 | FPS: 60 @ webpack-internal:///(app-pages-browser)/./src/engine/core/MainLoop/mainLoop.ts:36
[  778441ms] [LOG] APS: 60 | FPS: 60 @ webpack-internal:///(app-pages-browser)/./src/engine/core/MainLoop/mainLoop.ts:36
[  779042ms] [LOG] APS: 60 | FPS: 60 @ webpack-internal:///(app-pages-browser)/./src/engine/core/MainLoop/mainLoop.ts:36
[  779441ms] [LOG] APS: 60 | FPS: 60 @ webpack-internal:///(app-pages-browser)/./src/engine/core/MainLoop/mainLoop.ts:36
[  780042ms] [LOG] APS: 60 | FPS: 60 @ webpack-internal:///(app-pages-browser)/./src/engine/core/MainLoop/mainLoop.ts:36
[  780441ms] [LOG] APS: 60 | FPS: 60 @ webpack-internal:///(app-pages-browser)/./src/engine/core/MainLoop/mainLoop.ts:36
[  781042ms] [LOG] APS: 60 | FPS: 60 @ webpack-internal:///(app-pages-browser)/./src/engine/core/MainLoop/mainLoop.ts:36
[  781441ms] [LOG] APS: 60 | FPS: 60 @ webpack-internal:///(app-pages-browser)/./src/engine/core/MainLoop/mainLoop.ts:36
[  782042ms] [LOG] APS: 60 | FPS: 60 @ webpack-internal:///(app-pages-browser)/./src/engine/core/MainLoop/mainLoop.ts:36
[  782441ms] [LOG] APS: 60 | FPS: 60 @ webpack-internal:///(app-pages-browser)/./src/engine/core/MainLoop/mainLoop.ts:36
[  783042ms] [LOG] APS: 60 | FPS: 60 @ webpack-internal:///(app-pages-browser)/./src/engine/core/MainLoop/mainLoop.ts:36
[  783441ms] [LOG] APS: 60 | FPS: 60 @ webpack-internal:///(app-pages-browser)/./src/engine/core/MainLoop/mainLoop.ts:36
[  784042ms] [LOG] APS: 60 | FPS: 60 @ webpack-internal:///(app-pages-browser)/./src/engine/core/MainLoop/mainLoop.ts:36
[  784441ms] [LOG] APS: 60 | FPS: 60 @ webpack-internal:///(app-pages-browser)/./src/engine/core/MainLoop/mainLoop.ts:36
[  785042ms] [LOG] APS: 60 | FPS: 60 @ webpack-internal:///(app-pages-browser)/./src/engine/core/MainLoop/mainLoop.ts:36
[  785440ms] [LOG] APS: 60 | FPS: 60 @ webpack-internal:///(app-pages-browser)/./src/engine/core/MainLoop/mainLoop.ts:36
[  786042ms] [LOG] APS: 60 | FPS: 60 @ webpack-internal:///(app-pages-browser)/./src/engine/core/MainLoop/mainLoop.ts:36
[  786441ms] [LOG] APS: 60 | FPS: 60 @ webpack-internal:///(app-pages-browser)/./src/engine/core/MainLoop/mainLoop.ts:36
[  787042ms] [LOG] APS: 60 | FPS: 60 @ webpack-internal:///(app-pages-browser)/./src/engine/core/MainLoop/mainLoop.ts:36
[  787441ms] [LOG] APS: 60 | FPS: 60 @ webpack-internal:///(app-pages-browser)/./src/engine/core/MainLoop/mainLoop.ts:36
[  788042ms] [LOG] APS: 60 | FPS: 60 @ webpack-internal:///(app-pages-browser)/./src/engine/core/MainLoop/mainLoop.ts:36
[  788441ms] [LOG] APS: 60 | FPS: 60 @ webpack-internal:///(app-pages-browser)/./src/engine/core/MainLoop/mainLoop.ts:36
[  789042ms] [LOG] APS: 60 | FPS: 60 @ webpack-internal:///(app-pages-browser)/./src/engine/core/MainLoop/mainLoop.ts:36
[  789441ms] [LOG] APS: 60 | FPS: 60 @ webpack-internal:///(app-pages-browser)/./src/engine/core/MainLoop/mainLoop.ts:36
[  790042ms] [LOG] APS: 60 | FPS: 60 @ webpack-internal:///(app-pages-browser)/./src/engine/core/MainLoop/mainLoop.ts:36
[  790441ms] [LOG] APS: 60 | FPS: 60 @ webpack-internal:///(app-pages-browser)/./src/engine/core/MainLoop/mainLoop.ts:36
[  791042ms] [LOG] APS: 60 | FPS: 60 @ webpack-internal:///(app-pages-browser)/./src/engine/core/MainLoop/mainLoop.ts:36
[  791441ms] [LOG] APS: 60 | FPS: 60 @ webpack-internal:///(app-pages-browser)/./src/engine/core/MainLoop/mainLoop.ts:36
[  792042ms] [LOG] APS: 60 | FPS: 60 @ webpack-internal:///(app-pages-browser)/./src/engine/core/MainLoop/mainLoop.ts:36
[  792440ms] [LOG] APS: 60 | FPS: 60 @ webpack-internal:///(app-pages-browser)/./src/engine/core/MainLoop/mainLoop.ts:36
[  793042ms] [LOG] APS: 60 | FPS: 60 @ webpack-internal:///(app-pages-browser)/./src/engine/core/MainLoop/mainLoop.ts:36
[  793441ms] [LOG] APS: 60 | FPS: 60 @ webpack-internal:///(app-pages-browser)/./src/engine/core/MainLoop/mainLoop.ts:36
[  794042ms] [LOG] APS: 60 | FPS: 60 @ webpack-internal:///(app-pages-browser)/./src/engine/core/MainLoop/mainLoop.ts:36
[  794441ms] [LOG] APS: 60 | FPS: 60 @ webpack-internal:///(app-pages-browser)/./src/engine/core/MainLoop/mainLoop.ts:36
[  795042ms] [LOG] APS: 60 | FPS: 60 @ webpack-internal:///(app-pages-browser)/./src/engine/core/MainLoop/mainLoop.ts:36
[  795441ms] [LOG] APS: 60 | FPS: 60 @ webpack-internal:///(app-pages-browser)/./src/engine/core/MainLoop/mainLoop.ts:36
[  796042ms] [LOG] APS: 60 | FPS: 60 @ webpack-internal:///(app-pages-browser)/./src/engine/core/MainLoop/mainLoop.ts:36
[  796441ms] [LOG] APS: 60 | FPS: 60 @ webpack-internal:///(app-pages-browser)/./src/engine/core/MainLoop/mainLoop.ts:36
[  797042ms] [LOG] APS: 60 | FPS: 60 @ webpack-internal:///(app-pages-browser)/./src/engine/core/MainLoop/mainLoop.ts:36
[  797441ms] [LOG] APS: 60 | FPS: 60 @ webpack-internal:///(app-pages-browser)/./src/engine/core/MainLoop/mainLoop.ts:36
[  798042ms] [LOG] APS: 60 | FPS: 60 @ webpack-internal:///(app-pages-browser)/./src/engine/core/MainLoop/mainLoop.ts:36
[  798441ms] [LOG] APS: 60 | FPS: 60 @ webpack-internal:///(app-pages-browser)/./src/engine/core/MainLoop/mainLoop.ts:36
[  799041ms] [LOG] APS: 60 | FPS: 60 @ webpack-internal:///(app-pages-browser)/./src/engine/core/MainLoop/mainLoop.ts:36
[  799441ms] [LOG] APS: 60 | FPS: 60 @ webpack-internal:///(app-pages-browser)/./src/engine/core/MainLoop/mainLoop.ts:36
[  800042ms] [LOG] APS: 60 | FPS: 60 @ webpack-internal:///(app-pages-browser)/./src/engine/core/MainLoop/mainLoop.ts:36
[  800440ms] [LOG] APS: 60 | FPS: 60 @ webpack-internal:///(app-pages-browser)/./src/engine/core/MainLoop/mainLoop.ts:36
[  801041ms] [LOG] APS: 60 | FPS: 60 @ webpack-internal:///(app-pages-browser)/./src/engine/core/MainLoop/mainLoop.ts:36
[  801440ms] [LOG] APS: 60 | FPS: 60 @ webpack-internal:///(app-pages-browser)/./src/engine/core/MainLoop/mainLoop.ts:36
[  802042ms] [LOG] APS: 60 | FPS: 60 @ webpack-internal:///(app-pages-browser)/./src/engine/core/MainLoop/mainLoop.ts:36
[  802441ms] [LOG] APS: 60 | FPS: 60 @ webpack-internal:///(app-pages-browser)/./src/engine/core/MainLoop/mainLoop.ts:36
[  803041ms] [LOG] APS: 60 | FPS: 60 @ webpack-internal:///(app-pages-browser)/./src/engine/core/MainLoop/mainLoop.ts:36
[  803440ms] [LOG] APS: 60 | FPS: 60 @ webpack-internal:///(app-pages-browser)/./src/engine/core/MainLoop/mainLoop.ts:36
[  804041ms] [LOG] APS: 60 | FPS: 60 @ webpack-internal:///(app-pages-browser)/./src/engine/core/MainLoop/mainLoop.ts:36
[  804440ms] [LOG] APS: 60 | FPS: 60 @ webpack-internal:///(app-pages-browser)/./src/engine/core/MainLoop/mainLoop.ts:36
[  805041ms] [LOG] APS: 60 | FPS: 60 @ webpack-internal:///(app-pages-browser)/./src/engine/core/MainLoop/mainLoop.ts:36
[  805440ms] [LOG] APS: 60 | FPS: 60 @ webpack-internal:///(app-pages-browser)/./src/engine/core/MainLoop/mainLoop.ts:36
[  806041ms] [LOG] APS: 60 | FPS: 60 @ webpack-internal:///(app-pages-browser)/./src/engine/core/MainLoop/mainLoop.ts:36
[  806441ms] [LOG] APS: 60 | FPS: 60 @ webpack-internal:///(app-pages-browser)/./src/engine/core/MainLoop/mainLoop.ts:36
[  807041ms] [LOG] APS: 60 | FPS: 60 @ webpack-internal:///(app-pages-browser)/./src/engine/core/MainLoop/mainLoop.ts:36
[  807440ms] [LOG] APS: 60 | FPS: 60 @ webpack-internal:///(app-pages-browser)/./src/engine/core/MainLoop/mainLoop.ts:36
[  808041ms] [LOG] APS: 60 | FPS: 60 @ webpack-internal:///(app-pages-browser)/./src/engine/core/MainLoop/mainLoop.ts:36
[  808441ms] [LOG] APS: 60 | FPS: 60 @ webpack-internal:///(app-pages-browser)/./src/engine/core/MainLoop/mainLoop.ts:36
[  809041ms] [LOG] APS: 60 | FPS: 60 @ webpack-internal:///(app-pages-browser)/./src/engine/core/MainLoop/mainLoop.ts:36
[  809441ms] [LOG] APS: 60 | FPS: 60 @ webpack-internal:///(app-pages-browser)/./src/engine/core/MainLoop/mainLoop.ts:36
[  810041ms] [LOG] APS: 60 | FPS: 60 @ webpack-internal:///(app-pages-browser)/./src/engine/core/MainLoop/mainLoop.ts:36
[  810440ms] [LOG] APS: 60 | FPS: 60 @ webpack-internal:///(app-pages-browser)/./src/engine/core/MainLoop/mainLoop.ts:36
[  811041ms] [LOG] APS: 60 | FPS: 60 @ webpack-internal:///(app-pages-browser)/./src/engine/core/MainLoop/mainLoop.ts:36
[  811440ms] [LOG] APS: 60 | FPS: 60 @ webpack-internal:///(app-pages-browser)/./src/engine/core/MainLoop/mainLoop.ts:36
[  812041ms] [LOG] APS: 60 | FPS: 60 @ webpack-internal:///(app-pages-browser)/./src/engine/core/MainLoop/mainLoop.ts:36
[  812440ms] [LOG] APS: 60 | FPS: 60 @ webpack-internal:///(app-pages-browser)/./src/engine/core/MainLoop/mainLoop.ts:36
[  813041ms] [LOG] APS: 60 | FPS: 60 @ webpack-internal:///(app-pages-browser)/./src/engine/core/MainLoop/mainLoop.ts:36
[  813441ms] [LOG] APS: 60 | FPS: 60 @ webpack-internal:///(app-pages-browser)/./src/engine/core/MainLoop/mainLoop.ts:36
[  814041ms] [LOG] APS: 60 | FPS: 60 @ webpack-internal:///(app-pages-browser)/./src/engine/core/MainLoop/mainLoop.ts:36
[  814440ms] [LOG] APS: 60 | FPS: 60 @ webpack-internal:///(app-pages-browser)/./src/engine/core/MainLoop/mainLoop.ts:36
[  815041ms] [LOG] APS: 60 | FPS: 60 @ webpack-internal:///(app-pages-browser)/./src/engine/core/MainLoop/mainLoop.ts:36
[  815440ms] [LOG] APS: 60 | FPS: 60 @ webpack-internal:///(app-pages-browser)/./src/engine/core/MainLoop/mainLoop.ts:36
[  816041ms] [LOG] APS: 60 | FPS: 60 @ webpack-internal:///(app-pages-browser)/./src/engine/core/MainLoop/mainLoop.ts:36
[  816440ms] [LOG] APS: 60 | FPS: 60 @ webpack-internal:///(app-pages-browser)/./src/engine/core/MainLoop/mainLoop.ts:36
[  817041ms] [LOG] APS: 60 | FPS: 60 @ webpack-internal:///(app-pages-browser)/./src/engine/core/MainLoop/mainLoop.ts:36
[  817440ms] [LOG] APS: 60 | FPS: 60 @ webpack-internal:///(app-pages-browser)/./src/engine/core/MainLoop/mainLoop.ts:36
[  818041ms] [LOG] APS: 60 | FPS: 60 @ webpack-internal:///(app-pages-browser)/./src/engine/core/MainLoop/mainLoop.ts:36
[  818440ms] [LOG] APS: 60 | FPS: 60 @ webpack-internal:///(app-pages-browser)/./src/engine/core/MainLoop/mainLoop.ts:36
[  819041ms] [LOG] APS: 60 | FPS: 60 @ webpack-internal:///(app-pages-browser)/./src/engine/core/MainLoop/mainLoop.ts:36
[  819440ms] [LOG] APS: 60 | FPS: 60 @ webpack-internal:///(app-pages-browser)/./src/engine/core/MainLoop/mainLoop.ts:36
[  820041ms] [LOG] APS: 60 | FPS: 60 @ webpack-internal:///(app-pages-browser)/./src/engine/core/MainLoop/mainLoop.ts:36
[  820440ms] [LOG] APS: 60 | FPS: 60 @ webpack-internal:///(app-pages-browser)/./src/engine/core/MainLoop/mainLoop.ts:36
[  821041ms] [LOG] APS: 60 | FPS: 60 @ webpack-internal:///(app-pages-browser)/./src/engine/core/MainLoop/mainLoop.ts:36
[  821440ms] [LOG] APS: 60 | FPS: 60 @ webpack-internal:///(app-pages-browser)/./src/engine/core/MainLoop/mainLoop.ts:36
[  822041ms] [LOG] APS: 60 | FPS: 60 @ webpack-internal:///(app-pages-browser)/./src/engine/core/MainLoop/mainLoop.ts:36
[  822440ms] [LOG] APS: 60 | FPS: 60 @ webpack-internal:///(app-pages-browser)/./src/engine/core/MainLoop/mainLoop.ts:36
[  823041ms] [LOG] APS: 60 | FPS: 60 @ webpack-internal:///(app-pages-browser)/./src/engine/core/MainLoop/mainLoop.ts:36
[  823440ms] [LOG] APS: 60 | FPS: 60 @ webpack-internal:///(app-pages-browser)/./src/engine/core/MainLoop/mainLoop.ts:36
[  824041ms] [LOG] APS: 60 | FPS: 60 @ webpack-internal:///(app-pages-browser)/./src/engine/core/MainLoop/mainLoop.ts:36
[  824440ms] [LOG] APS: 60 | FPS: 60 @ webpack-internal:///(app-pages-browser)/./src/engine/core/MainLoop/mainLoop.ts:36
[  825041ms] [LOG] APS: 60 | FPS: 60 @ webpack-internal:///(app-pages-browser)/./src/engine/core/MainLoop/mainLoop.ts:36
[  825440ms] [LOG] APS: 60 | FPS: 60 @ webpack-internal:///(app-pages-browser)/./src/engine/core/MainLoop/mainLoop.ts:36
[  826041ms] [LOG] APS: 60 | FPS: 60 @ webpack-internal:///(app-pages-browser)/./src/engine/core/MainLoop/mainLoop.ts:36
[  826440ms] [LOG] APS: 60 | FPS: 60 @ webpack-internal:///(app-pages-browser)/./src/engine/core/MainLoop/mainLoop.ts:36
[  827041ms] [LOG] APS: 60 | FPS: 60 @ webpack-internal:///(app-pages-browser)/./src/engine/core/MainLoop/mainLoop.ts:36
[  827440ms] [LOG] APS: 60 | FPS: 60 @ webpack-internal:///(app-pages-browser)/./src/engine/core/MainLoop/mainLoop.ts:36
[  828041ms] [LOG] APS: 60 | FPS: 60 @ webpack-internal:///(app-pages-browser)/./src/engine/core/MainLoop/mainLoop.ts:36
[  828439ms] [LOG] APS: 60 | FPS: 60 @ webpack-internal:///(app-pages-browser)/./src/engine/core/MainLoop/mainLoop.ts:36
[  829041ms] [LOG] APS: 60 | FPS: 60 @ webpack-internal:///(app-pages-browser)/./src/engine/core/MainLoop/mainLoop.ts:36
[  829440ms] [LOG] APS: 60 | FPS: 60 @ webpack-internal:///(app-pages-browser)/./src/engine/core/MainLoop/mainLoop.ts:36
[  830041ms] [LOG] APS: 60 | FPS: 60 @ webpack-internal:///(app-pages-browser)/./src/engine/core/MainLoop/mainLoop.ts:36
[  830440ms] [LOG] APS: 60 | FPS: 60 @ webpack-internal:///(app-pages-browser)/./src/engine/core/MainLoop/mainLoop.ts:36
[  831041ms] [LOG] APS: 60 | FPS: 60 @ webpack-internal:///(app-pages-browser)/./src/engine/core/MainLoop/mainLoop.ts:36
[  831440ms] [LOG] APS: 60 | FPS: 60 @ webpack-internal:///(app-pages-browser)/./src/engine/core/MainLoop/mainLoop.ts:36
[  832041ms] [LOG] APS: 60 | FPS: 60 @ webpack-internal:///(app-pages-browser)/./src/engine/core/MainLoop/mainLoop.ts:36
[  832440ms] [LOG] APS: 60 | FPS: 60 @ webpack-internal:///(app-pages-browser)/./src/engine/core/MainLoop/mainLoop.ts:36
[  833041ms] [LOG] APS: 60 | FPS: 60 @ webpack-internal:///(app-pages-browser)/./src/engine/core/MainLoop/mainLoop.ts:36
[  833440ms] [LOG] APS: 60 | FPS: 60 @ webpack-internal:///(app-pages-browser)/./src/engine/core/MainLoop/mainLoop.ts:36
[  834041ms] [LOG] APS: 60 | FPS: 60 @ webpack-internal:///(app-pages-browser)/./src/engine/core/MainLoop/mainLoop.ts:36
[  834439ms] [LOG] APS: 60 | FPS: 60 @ webpack-internal:///(app-pages-browser)/./src/engine/core/MainLoop/mainLoop.ts:36
[  835041ms] [LOG] APS: 60 | FPS: 60 @ webpack-internal:///(app-pages-browser)/./src/engine/core/MainLoop/mainLoop.ts:36
[  835440ms] [LOG] APS: 60 | FPS: 60 @ webpack-internal:///(app-pages-browser)/./src/engine/core/MainLoop/mainLoop.ts:36
[  836041ms] [LOG] APS: 60 | FPS: 60 @ webpack-internal:///(app-pages-browser)/./src/engine/core/MainLoop/mainLoop.ts:36
[  836440ms] [LOG] APS: 60 | FPS: 60 @ webpack-internal:///(app-pages-browser)/./src/engine/core/MainLoop/mainLoop.ts:36
[  837041ms] [LOG] APS: 60 | FPS: 60 @ webpack-internal:///(app-pages-browser)/./src/engine/core/MainLoop/mainLoop.ts:36
[  837439ms] [LOG] APS: 60 | FPS: 60 @ webpack-internal:///(app-pages-browser)/./src/engine/core/MainLoop/mainLoop.ts:36
[  838041ms] [LOG] APS: 60 | FPS: 60 @ webpack-internal:///(app-pages-browser)/./src/engine/core/MainLoop/mainLoop.ts:36
[  838440ms] [LOG] APS: 60 | FPS: 60 @ webpack-internal:///(app-pages-browser)/./src/engine/core/MainLoop/mainLoop.ts:36
[  839041ms] [LOG] APS: 60 | FPS: 60 @ webpack-internal:///(app-pages-browser)/./src/engine/core/MainLoop/mainLoop.ts:36
[  839439ms] [LOG] APS: 60 | FPS: 60 @ webpack-internal:///(app-pages-browser)/./src/engine/core/MainLoop/mainLoop.ts:36
[  840040ms] [LOG] APS: 60 | FPS: 60 @ webpack-internal:///(app-pages-browser)/./src/engine/core/MainLoop/mainLoop.ts:36
[  840439ms] [LOG] APS: 60 | FPS: 60 @ webpack-internal:///(app-pages-browser)/./src/engine/core/MainLoop/mainLoop.ts:36
[  841040ms] [LOG] APS: 60 | FPS: 60 @ webpack-internal:///(app-pages-browser)/./src/engine/core/MainLoop/mainLoop.ts:36
[  841439ms] [LOG] APS: 60 | FPS: 60 @ webpack-internal:///(app-pages-browser)/./src/engine/core/MainLoop/mainLoop.ts:36
[  842040ms] [LOG] APS: 60 | FPS: 60 @ webpack-internal:///(app-pages-browser)/./src/engine/core/MainLoop/mainLoop.ts:36
[  842439ms] [LOG] APS: 60 | FPS: 60 @ webpack-internal:///(app-pages-browser)/./src/engine/core/MainLoop/mainLoop.ts:36
[  843040ms] [LOG] APS: 60 | FPS: 60 @ webpack-internal:///(app-pages-browser)/./src/engine/core/MainLoop/mainLoop.ts:36
[  843439ms] [LOG] APS: 60 | FPS: 60 @ webpack-internal:///(app-pages-browser)/./src/engine/core/MainLoop/mainLoop.ts:36
[  844040ms] [LOG] APS: 60 | FPS: 60 @ webpack-internal:///(app-pages-browser)/./src/engine/core/MainLoop/mainLoop.ts:36
[  844438ms] [LOG] APS: 60 | FPS: 60 @ webpack-internal:///(app-pages-browser)/./src/engine/core/MainLoop/mainLoop.ts:36
[  845040ms] [LOG] APS: 60 | FPS: 60 @ webpack-internal:///(app-pages-browser)/./src/engine/core/MainLoop/mainLoop.ts:36
[  845439ms] [LOG] APS: 60 | FPS: 60 @ webpack-internal:///(app-pages-browser)/./src/engine/core/MainLoop/mainLoop.ts:36
[  846039ms] [LOG] APS: 60 | FPS: 60 @ webpack-internal:///(app-pages-browser)/./src/engine/core/MainLoop/mainLoop.ts:36
[  846442ms] [LOG] APS: 60 | FPS: 60 @ webpack-internal:///(app-pages-browser)/./src/engine/core/MainLoop/mainLoop.ts:36
[  847039ms] [LOG] APS: 60 | FPS: 60 @ webpack-internal:///(app-pages-browser)/./src/engine/core/MainLoop/mainLoop.ts:36
[  847438ms] [LOG] APS: 60 | FPS: 60 @ webpack-internal:///(app-pages-browser)/./src/engine/core/MainLoop/mainLoop.ts:36
[  848039ms] [LOG] APS: 60 | FPS: 60 @ webpack-internal:///(app-pages-browser)/./src/engine/core/MainLoop/mainLoop.ts:36
[  848439ms] [LOG] APS: 60 | FPS: 60 @ webpack-internal:///(app-pages-browser)/./src/engine/core/MainLoop/mainLoop.ts:36
[  849040ms] [LOG] APS: 60 | FPS: 60 @ webpack-internal:///(app-pages-browser)/./src/engine/core/MainLoop/mainLoop.ts:36
[  849439ms] [LOG] APS: 60 | FPS: 60 @ webpack-internal:///(app-pages-browser)/./src/engine/core/MainLoop/mainLoop.ts:36
[  850040ms] [LOG] APS: 60 | FPS: 60 @ webpack-internal:///(app-pages-browser)/./src/engine/core/MainLoop/mainLoop.ts:36
[  850439ms] [LOG] APS: 60 | FPS: 60 @ webpack-internal:///(app-pages-browser)/./src/engine/core/MainLoop/mainLoop.ts:36
[  851039ms] [LOG] APS: 60 | FPS: 60 @ webpack-internal:///(app-pages-browser)/./src/engine/core/MainLoop/mainLoop.ts:36
[  851438ms] [LOG] APS: 60 | FPS: 60 @ webpack-internal:///(app-pages-browser)/./src/engine/core/MainLoop/mainLoop.ts:36
[  852040ms] [LOG] APS: 60 | FPS: 60 @ webpack-internal:///(app-pages-browser)/./src/engine/core/MainLoop/mainLoop.ts:36
[  852438ms] [LOG] APS: 60 | FPS: 60 @ webpack-internal:///(app-pages-browser)/./src/engine/core/MainLoop/mainLoop.ts:36
[  853039ms] [LOG] APS: 60 | FPS: 60 @ webpack-internal:///(app-pages-browser)/./src/engine/core/MainLoop/mainLoop.ts:36
[  853439ms] [LOG] APS: 60 | FPS: 60 @ webpack-internal:///(app-pages-browser)/./src/engine/core/MainLoop/mainLoop.ts:36
[  854039ms] [LOG] APS: 60 | FPS: 60 @ webpack-internal:///(app-pages-browser)/./src/engine/core/MainLoop/mainLoop.ts:36
[  854439ms] [LOG] APS: 60 | FPS: 60 @ webpack-internal:///(app-pages-browser)/./src/engine/core/MainLoop/mainLoop.ts:36
[  855039ms] [LOG] APS: 60 | FPS: 60 @ webpack-internal:///(app-pages-browser)/./src/engine/core/MainLoop/mainLoop.ts:36
[  855439ms] [LOG] APS: 60 | FPS: 60 @ webpack-internal:///(app-pages-browser)/./src/engine/core/MainLoop/mainLoop.ts:36
[  856040ms] [LOG] APS: 60 | FPS: 60 @ webpack-internal:///(app-pages-browser)/./src/engine/core/MainLoop/mainLoop.ts:36
[  856438ms] [LOG] APS: 60 | FPS: 60 @ webpack-internal:///(app-pages-browser)/./src/engine/core/MainLoop/mainLoop.ts:36
[  857040ms] [LOG] APS: 60 | FPS: 60 @ webpack-internal:///(app-pages-browser)/./src/engine/core/MainLoop/mainLoop.ts:36
[  857439ms] [LOG] APS: 60 | FPS: 60 @ webpack-internal:///(app-pages-browser)/./src/engine/core/MainLoop/mainLoop.ts:36
[  858040ms] [LOG] APS: 60 | FPS: 60 @ webpack-internal:///(app-pages-browser)/./src/engine/core/MainLoop/mainLoop.ts:36
[  858439ms] [LOG] APS: 60 | FPS: 60 @ webpack-internal:///(app-pages-browser)/./src/engine/core/MainLoop/mainLoop.ts:36
[  859040ms] [LOG] APS: 60 | FPS: 60 @ webpack-internal:///(app-pages-browser)/./src/engine/core/MainLoop/mainLoop.ts:36
[  859440ms] [LOG] APS: 60 | FPS: 60 @ webpack-internal:///(app-pages-browser)/./src/engine/core/MainLoop/mainLoop.ts:36
[  860039ms] [LOG] APS: 60 | FPS: 60 @ webpack-internal:///(app-pages-browser)/./src/engine/core/MainLoop/mainLoop.ts:36
[  860439ms] [LOG] APS: 60 | FPS: 60 @ webpack-internal:///(app-pages-browser)/./src/engine/core/MainLoop/mainLoop.ts:36
[  861039ms] [LOG] APS: 60 | FPS: 60 @ webpack-internal:///(app-pages-browser)/./src/engine/core/MainLoop/mainLoop.ts:36
[  861438ms] [LOG] APS: 60 | FPS: 60 @ webpack-internal:///(app-pages-browser)/./src/engine/core/MainLoop/mainLoop.ts:36
[  862039ms] [LOG] APS: 60 | FPS: 60 @ webpack-internal:///(app-pages-browser)/./src/engine/core/MainLoop/mainLoop.ts:36
[  862438ms] [LOG] APS: 60 | FPS: 60 @ webpack-internal:///(app-pages-browser)/./src/engine/core/MainLoop/mainLoop.ts:36
[  863039ms] [LOG] APS: 60 | FPS: 60 @ webpack-internal:///(app-pages-browser)/./src/engine/core/MainLoop/mainLoop.ts:36
[  863438ms] [LOG] APS: 60 | FPS: 60 @ webpack-internal:///(app-pages-browser)/./src/engine/core/MainLoop/mainLoop.ts:36
[  863946ms] [INFO] %cDownload the React DevTools for a better development experience: https://reactjs.org/link/react-devtools font-weight:bold @ webpack-internal:///(app-pages-browser)/./node_modules/next/dist/compiled/react-dom/cjs/react-dom.development.js:38559
[  865039ms] [LOG] APS: 63 | FPS: 63 @ webpack-internal:///(app-pages-browser)/./src/engine/core/MainLoop/mainLoop.ts:36
[  865039ms] [LOG] APS: 63 | FPS: 63 @ webpack-internal:///(app-pages-browser)/./src/engine/core/MainLoop/mainLoop.ts:36
[  866038ms] [LOG] APS: 60 | FPS: 60 @ webpack-internal:///(app-pages-browser)/./src/engine/core/MainLoop/mainLoop.ts:36
[  866039ms] [LOG] APS: 60 | FPS: 60 @ webpack-internal:///(app-pages-browser)/./src/engine/core/MainLoop/mainLoop.ts:36
[  867038ms] [LOG] APS: 60 | FPS: 60 @ webpack-internal:///(app-pages-browser)/./src/engine/core/MainLoop/mainLoop.ts:36
[  867038ms] [LOG] APS: 60 | FPS: 60 @ webpack-internal:///(app-pages-browser)/./src/engine/core/MainLoop/mainLoop.ts:36
[  868037ms] [LOG] APS: 60 | FPS: 60 @ webpack-internal:///(app-pages-browser)/./src/engine/core/MainLoop/mainLoop.ts:36
[  868038ms] [LOG] APS: 60 | FPS: 60 @ webpack-internal:///(app-pages-browser)/./src/engine/core/MainLoop/mainLoop.ts:36
[  869038ms] [LOG] APS: 60 | FPS: 60 @ webpack-internal:///(app-pages-browser)/./src/engine/core/MainLoop/mainLoop.ts:36
[  869039ms] [LOG] APS: 60 | FPS: 60 @ webpack-internal:///(app-pages-browser)/./src/engine/core/MainLoop/mainLoop.ts:36
[  870037ms] [LOG] APS: 60 | FPS: 60 @ webpack-internal:///(app-pages-browser)/./src/engine/core/MainLoop/mainLoop.ts:36
[  870038ms] [LOG] APS: 60 | FPS: 60 @ webpack-internal:///(app-pages-browser)/./src/engine/core/MainLoop/mainLoop.ts:36
[  871038ms] [LOG] APS: 60 | FPS: 60 @ webpack-internal:///(app-pages-browser)/./src/engine/core/MainLoop/mainLoop.ts:36
[  871039ms] [LOG] APS: 60 | FPS: 60 @ webpack-internal:///(app-pages-browser)/./src/engine/core/MainLoop/mainLoop.ts:36
[  872037ms] [LOG] APS: 60 | FPS: 60 @ webpack-internal:///(app-pages-browser)/./src/engine/core/MainLoop/mainLoop.ts:36
[  872038ms] [LOG] APS: 60 | FPS: 60 @ webpack-internal:///(app-pages-browser)/./src/engine/core/MainLoop/mainLoop.ts:36
[  873038ms] [LOG] APS: 60 | FPS: 60 @ webpack-internal:///(app-pages-browser)/./src/engine/core/MainLoop/mainLoop.ts:36
[  873039ms] [LOG] APS: 60 | FPS: 60 @ webpack-internal:///(app-pages-browser)/./src/engine/core/MainLoop/mainLoop.ts:36
[  874037ms] [LOG] APS: 60 | FPS: 60 @ webpack-internal:///(app-pages-browser)/./src/engine/core/MainLoop/mainLoop.ts:36
[  874038ms] [LOG] APS: 60 | FPS: 60 @ webpack-internal:///(app-pages-browser)/./src/engine/core/MainLoop/mainLoop.ts:36
[  875037ms] [LOG] APS: 60 | FPS: 60 @ webpack-internal:///(app-pages-browser)/./src/engine/core/MainLoop/mainLoop.ts:36
[  875038ms] [LOG] APS: 60 | FPS: 60 @ webpack-internal:///(app-pages-browser)/./src/engine/core/MainLoop/mainLoop.ts:36
[  876039ms] [LOG] APS: 60 | FPS: 60 @ webpack-internal:///(app-pages-browser)/./src/engine/core/MainLoop/mainLoop.ts:36
[  876040ms] [LOG] APS: 60 | FPS: 60 @ webpack-internal:///(app-pages-browser)/./src/engine/core/MainLoop/mainLoop.ts:36
[  877038ms] [LOG] APS: 60 | FPS: 60 @ webpack-internal:///(app-pages-browser)/./src/engine/core/MainLoop/mainLoop.ts:36
[  877039ms] [LOG] APS: 60 | FPS: 60 @ webpack-internal:///(app-pages-browser)/./src/engine/core/MainLoop/mainLoop.ts:36
[  878037ms] [LOG] APS: 60 | FPS: 60 @ webpack-internal:///(app-pages-browser)/./src/engine/core/MainLoop/mainLoop.ts:36
[  878038ms] [LOG] APS: 60 | FPS: 60 @ webpack-internal:///(app-pages-browser)/./src/engine/core/MainLoop/mainLoop.ts:36
[  879038ms] [LOG] APS: 60 | FPS: 60 @ webpack-internal:///(app-pages-browser)/./src/engine/core/MainLoop/mainLoop.ts:36
[  879039ms] [LOG] APS: 60 | FPS: 60 @ webpack-internal:///(app-pages-browser)/./src/engine/core/MainLoop/mainLoop.ts:36
[  880038ms] [LOG] APS: 60 | FPS: 60 @ webpack-internal:///(app-pages-browser)/./src/engine/core/MainLoop/mainLoop.ts:36
[  880039ms] [LOG] APS: 60 | FPS: 60 @ webpack-internal:///(app-pages-browser)/./src/engine/core/MainLoop/mainLoop.ts:36
[  881037ms] [LOG] APS: 60 | FPS: 60 @ webpack-internal:///(app-pages-browser)/./src/engine/core/MainLoop/mainLoop.ts:36
[  881038ms] [LOG] APS: 60 | FPS: 60 @ webpack-internal:///(app-pages-browser)/./src/engine/core/MainLoop/mainLoop.ts:36
[  882037ms] [LOG] APS: 60 | FPS: 60 @ webpack-internal:///(app-pages-browser)/./src/engine/core/MainLoop/mainLoop.ts:36
[  882038ms] [LOG] APS: 60 | FPS: 60 @ webpack-internal:///(app-pages-browser)/./src/engine/core/MainLoop/mainLoop.ts:36
[  883037ms] [LOG] APS: 60 | FPS: 60 @ webpack-internal:///(app-pages-browser)/./src/engine/core/MainLoop/mainLoop.ts:36
[  883038ms] [LOG] APS: 60 | FPS: 60 @ webpack-internal:///(app-pages-browser)/./src/engine/core/MainLoop/mainLoop.ts:36
[  884038ms] [LOG] APS: 60 | FPS: 60 @ webpack-internal:///(app-pages-browser)/./src/engine/core/MainLoop/mainLoop.ts:36
[  884039ms] [LOG] APS: 60 | FPS: 60 @ webpack-internal:///(app-pages-browser)/./src/engine/core/MainLoop/mainLoop.ts:36
[  885038ms] [LOG] APS: 60 | FPS: 60 @ webpack-internal:///(app-pages-browser)/./src/engine/core/MainLoop/mainLoop.ts:36
[  885039ms] [LOG] APS: 60 | FPS: 60 @ webpack-internal:///(app-pages-browser)/./src/engine/core/MainLoop/mainLoop.ts:36
[  886038ms] [LOG] APS: 60 | FPS: 60 @ webpack-internal:///(app-pages-browser)/./src/engine/core/MainLoop/mainLoop.ts:36
[  886039ms] [LOG] APS: 60 | FPS: 60 @ webpack-internal:///(app-pages-browser)/./src/engine/core/MainLoop/mainLoop.ts:36
[  887037ms] [LOG] APS: 60 | FPS: 60 @ webpack-internal:///(app-pages-browser)/./src/engine/core/MainLoop/mainLoop.ts:36
[  887038ms] [LOG] APS: 60 | FPS: 60 @ webpack-internal:///(app-pages-browser)/./src/engine/core/MainLoop/mainLoop.ts:36
[  888037ms] [LOG] APS: 60 | FPS: 60 @ webpack-internal:///(app-pages-browser)/./src/engine/core/MainLoop/mainLoop.ts:36
[  888038ms] [LOG] APS: 60 | FPS: 60 @ webpack-internal:///(app-pages-browser)/./src/engine/core/MainLoop/mainLoop.ts:36
[  889037ms] [LOG] APS: 60 | FPS: 60 @ webpack-internal:///(app-pages-browser)/./src/engine/core/MainLoop/mainLoop.ts:36
[  889038ms] [LOG] APS: 60 | FPS: 60 @ webpack-internal:///(app-pages-browser)/./src/engine/core/MainLoop/mainLoop.ts:36
[  890037ms] [LOG] APS: 60 | FPS: 60 @ webpack-internal:///(app-pages-browser)/./src/engine/core/MainLoop/mainLoop.ts:36
[  890038ms] [LOG] APS: 60 | FPS: 60 @ webpack-internal:///(app-pages-browser)/./src/engine/core/MainLoop/mainLoop.ts:36
[  891037ms] [LOG] APS: 60 | FPS: 60 @ webpack-internal:///(app-pages-browser)/./src/engine/core/MainLoop/mainLoop.ts:36
[  891038ms] [LOG] APS: 60 | FPS: 60 @ webpack-internal:///(app-pages-browser)/./src/engine/core/MainLoop/mainLoop.ts:36
[  892036ms] [LOG] APS: 60 | FPS: 60 @ webpack-internal:///(app-pages-browser)/./src/engine/core/MainLoop/mainLoop.ts:36
[  892037ms] [LOG] APS: 60 | FPS: 60 @ webpack-internal:///(app-pages-browser)/./src/engine/core/MainLoop/mainLoop.ts:36
[  893037ms] [LOG] APS: 60 | FPS: 60 @ webpack-internal:///(app-pages-browser)/./src/engine/core/MainLoop/mainLoop.ts:36
[  893038ms] [LOG] APS: 60 | FPS: 60 @ webpack-internal:///(app-pages-browser)/./src/engine/core/MainLoop/mainLoop.ts:36
[  894037ms] [LOG] APS: 60 | FPS: 60 @ webpack-internal:///(app-pages-browser)/./src/engine/core/MainLoop/mainLoop.ts:36
[  894038ms] [LOG] APS: 60 | FPS: 60 @ webpack-internal:///(app-pages-browser)/./src/engine/core/MainLoop/mainLoop.ts:36
[  895037ms] [LOG] APS: 60 | FPS: 60 @ webpack-internal:///(app-pages-browser)/./src/engine/core/MainLoop/mainLoop.ts:36
[  895038ms] [LOG] APS: 60 | FPS: 60 @ webpack-internal:///(app-pages-browser)/./src/engine/core/MainLoop/mainLoop.ts:36
[  896037ms] [LOG] APS: 60 | FPS: 60 @ webpack-internal:///(app-pages-browser)/./src/engine/core/MainLoop/mainLoop.ts:36
[  896038ms] [LOG] APS: 60 | FPS: 60 @ webpack-internal:///(app-pages-browser)/./src/engine/core/MainLoop/mainLoop.ts:36
[  897037ms] [LOG] APS: 60 | FPS: 60 @ webpack-internal:///(app-pages-browser)/./src/engine/core/MainLoop/mainLoop.ts:36
[  897038ms] [LOG] APS: 60 | FPS: 60 @ webpack-internal:///(app-pages-browser)/./src/engine/core/MainLoop/mainLoop.ts:36
[  898037ms] [LOG] APS: 60 | FPS: 60 @ webpack-internal:///(app-pages-browser)/./src/engine/core/MainLoop/mainLoop.ts:36
[  898038ms] [LOG] APS: 60 | FPS: 60 @ webpack-internal:///(app-pages-browser)/./src/engine/core/MainLoop/mainLoop.ts:36
[  899037ms] [LOG] APS: 60 | FPS: 60 @ webpack-internal:///(app-pages-browser)/./src/engine/core/MainLoop/mainLoop.ts:36
[  899038ms] [LOG] APS: 60 | FPS: 60 @ webpack-internal:///(app-pages-browser)/./src/engine/core/MainLoop/mainLoop.ts:36
[  900037ms] [LOG] APS: 60 | FPS: 60 @ webpack-internal:///(app-pages-browser)/./src/engine/core/MainLoop/mainLoop.ts:36
[  900038ms] [LOG] APS: 60 | FPS: 60 @ webpack-internal:///(app-pages-browser)/./src/engine/core/MainLoop/mainLoop.ts:36
[  901037ms] [LOG] APS: 60 | FPS: 60 @ webpack-internal:///(app-pages-browser)/./src/engine/core/MainLoop/mainLoop.ts:36
[  901038ms] [LOG] APS: 60 | FPS: 60 @ webpack-internal:///(app-pages-browser)/./src/engine/core/MainLoop/mainLoop.ts:36
[  902037ms] [LOG] APS: 60 | FPS: 60 @ webpack-internal:///(app-pages-browser)/./src/engine/core/MainLoop/mainLoop.ts:36
[  902038ms] [LOG] APS: 60 | FPS: 60 @ webpack-internal:///(app-pages-browser)/./src/engine/core/MainLoop/mainLoop.ts:36
[  903037ms] [LOG] APS: 60 | FPS: 60 @ webpack-internal:///(app-pages-browser)/./src/engine/core/MainLoop/mainLoop.ts:36
[  903038ms] [LOG] APS: 60 | FPS: 60 @ webpack-internal:///(app-pages-browser)/./src/engine/core/MainLoop/mainLoop.ts:36
[  904037ms] [LOG] APS: 60 | FPS: 60 @ webpack-internal:///(app-pages-browser)/./src/engine/core/MainLoop/mainLoop.ts:36
[  904038ms] [LOG] APS: 60 | FPS: 60 @ webpack-internal:///(app-pages-browser)/./src/engine/core/MainLoop/mainLoop.ts:36
[  905037ms] [LOG] APS: 60 | FPS: 60 @ webpack-internal:///(app-pages-browser)/./src/engine/core/MainLoop/mainLoop.ts:36
[  905038ms] [LOG] APS: 60 | FPS: 60 @ webpack-internal:///(app-pages-browser)/./src/engine/core/MainLoop/mainLoop.ts:36
[  906037ms] [LOG] APS: 60 | FPS: 60 @ webpack-internal:///(app-pages-browser)/./src/engine/core/MainLoop/mainLoop.ts:36
[  906038ms] [LOG] APS: 60 | FPS: 60 @ webpack-internal:///(app-pages-browser)/./src/engine/core/MainLoop/mainLoop.ts:36
[  907037ms] [LOG] APS: 60 | FPS: 60 @ webpack-internal:///(app-pages-browser)/./src/engine/core/MainLoop/mainLoop.ts:36
[  907038ms] [LOG] APS: 60 | FPS: 60 @ webpack-internal:///(app-pages-browser)/./src/engine/core/MainLoop/mainLoop.ts:36
[  908037ms] [LOG] APS: 60 | FPS: 60 @ webpack-internal:///(app-pages-browser)/./src/engine/core/MainLoop/mainLoop.ts:36
[  908038ms] [LOG] APS: 60 | FPS: 60 @ webpack-internal:///(app-pages-browser)/./src/engine/core/MainLoop/mainLoop.ts:36
[  909037ms] [LOG] APS: 60 | FPS: 60 @ webpack-internal:///(app-pages-browser)/./src/engine/core/MainLoop/mainLoop.ts:36
[  909037ms] [LOG] APS: 60 | FPS: 60 @ webpack-internal:///(app-pages-browser)/./src/engine/core/MainLoop/mainLoop.ts:36
[  910036ms] [LOG] APS: 60 | FPS: 60 @ webpack-internal:///(app-pages-browser)/./src/engine/core/MainLoop/mainLoop.ts:36
[  910037ms] [LOG] APS: 60 | FPS: 60 @ webpack-internal:///(app-pages-browser)/./src/engine/core/MainLoop/mainLoop.ts:36
[  911037ms] [LOG] APS: 60 | FPS: 60 @ webpack-internal:///(app-pages-browser)/./src/engine/core/MainLoop/mainLoop.ts:36
[  911038ms] [LOG] APS: 60 | FPS: 60 @ webpack-internal:///(app-pages-browser)/./src/engine/core/MainLoop/mainLoop.ts:36
[  912036ms] [LOG] APS: 60 | FPS: 60 @ webpack-internal:///(app-pages-browser)/./src/engine/core/MainLoop/mainLoop.ts:36
[  912037ms] [LOG] APS: 60 | FPS: 60 @ webpack-internal:///(app-pages-browser)/./src/engine/core/MainLoop/mainLoop.ts:36
[  913036ms] [LOG] APS: 60 | FPS: 60 @ webpack-internal:///(app-pages-browser)/./src/engine/core/MainLoop/mainLoop.ts:36
[  913037ms] [LOG] APS: 60 | FPS: 60 @ webpack-internal:///(app-pages-browser)/./src/engine/core/MainLoop/mainLoop.ts:36
[  914036ms] [LOG] APS: 60 | FPS: 60 @ webpack-internal:///(app-pages-browser)/./src/engine/core/MainLoop/mainLoop.ts:36
[  914037ms] [LOG] APS: 60 | FPS: 60 @ webpack-internal:///(app-pages-browser)/./src/engine/core/MainLoop/mainLoop.ts:36
[  915036ms] [LOG] APS: 60 | FPS: 60 @ webpack-internal:///(app-pages-browser)/./src/engine/core/MainLoop/mainLoop.ts:36
[  915037ms] [LOG] APS: 60 | FPS: 60 @ webpack-internal:///(app-pages-browser)/./src/engine/core/MainLoop/mainLoop.ts:36
[  916036ms] [LOG] APS: 60 | FPS: 60 @ webpack-internal:///(app-pages-browser)/./src/engine/core/MainLoop/mainLoop.ts:36
[  916037ms] [LOG] APS: 60 | FPS: 60 @ webpack-internal:///(app-pages-browser)/./src/engine/core/MainLoop/mainLoop.ts:36
[  917036ms] [LOG] APS: 60 | FPS: 60 @ webpack-internal:///(app-pages-browser)/./src/engine/core/MainLoop/mainLoop.ts:36
[  917037ms] [LOG] APS: 60 | FPS: 60 @ webpack-internal:///(app-pages-browser)/./src/engine/core/MainLoop/mainLoop.ts:36
[  918036ms] [LOG] APS: 60 | FPS: 60 @ webpack-internal:///(app-pages-browser)/./src/engine/core/MainLoop/mainLoop.ts:36
[  918037ms] [LOG] APS: 60 | FPS: 60 @ webpack-internal:///(app-pages-browser)/./src/engine/core/MainLoop/mainLoop.ts:36
[  919036ms] [LOG] APS: 60 | FPS: 60 @ webpack-internal:///(app-pages-browser)/./src/engine/core/MainLoop/mainLoop.ts:36
[  919037ms] [LOG] APS: 60 | FPS: 60 @ webpack-internal:///(app-pages-browser)/./src/engine/core/MainLoop/mainLoop.ts:36
[  920036ms] [LOG] APS: 60 | FPS: 60 @ webpack-internal:///(app-pages-browser)/./src/engine/core/MainLoop/mainLoop.ts:36
[  920037ms] [LOG] APS: 60 | FPS: 60 @ webpack-internal:///(app-pages-browser)/./src/engine/core/MainLoop/mainLoop.ts:36
[  921035ms] [LOG] APS: 60 | FPS: 60 @ webpack-internal:///(app-pages-browser)/./src/engine/core/MainLoop/mainLoop.ts:36
[  921036ms] [LOG] APS: 60 | FPS: 60 @ webpack-internal:///(app-pages-browser)/./src/engine/core/MainLoop/mainLoop.ts:36
[  922036ms] [LOG] APS: 60 | FPS: 60 @ webpack-internal:///(app-pages-browser)/./src/engine/core/MainLoop/mainLoop.ts:36
[  922037ms] [LOG] APS: 60 | FPS: 60 @ webpack-internal:///(app-pages-browser)/./src/engine/core/MainLoop/mainLoop.ts:36
[  923036ms] [LOG] APS: 60 | FPS: 60 @ webpack-internal:///(app-pages-browser)/./src/engine/core/MainLoop/mainLoop.ts:36
[  923037ms] [LOG] APS: 60 | FPS: 60 @ webpack-internal:///(app-pages-browser)/./src/engine/core/MainLoop/mainLoop.ts:36
[  924036ms] [LOG] APS: 60 | FPS: 60 @ webpack-internal:///(app-pages-browser)/./src/engine/core/MainLoop/mainLoop.ts:36
[  924037ms] [LOG] APS: 60 | FPS: 60 @ webpack-internal:///(app-pages-browser)/./src/engine/core/MainLoop/mainLoop.ts:36
[  925035ms] [LOG] APS: 60 | FPS: 60 @ webpack-internal:///(app-pages-browser)/./src/engine/core/MainLoop/mainLoop.ts:36
[  925036ms] [LOG] APS: 60 | FPS: 60 @ webpack-internal:///(app-pages-browser)/./src/engine/core/MainLoop/mainLoop.ts:36
[  926036ms] [LOG] APS: 60 | FPS: 60 @ webpack-internal:///(app-pages-browser)/./src/engine/core/MainLoop/mainLoop.ts:36
[  926037ms] [LOG] APS: 60 | FPS: 60 @ webpack-internal:///(app-pages-browser)/./src/engine/core/MainLoop/mainLoop.ts:36
[  927035ms] [LOG] APS: 60 | FPS: 60 @ webpack-internal:///(app-pages-browser)/./src/engine/core/MainLoop/mainLoop.ts:36
[  927036ms] [LOG] APS: 60 | FPS: 60 @ webpack-internal:///(app-pages-browser)/./src/engine/core/MainLoop/mainLoop.ts:36
[  928036ms] [LOG] APS: 60 | FPS: 60 @ webpack-internal:///(app-pages-browser)/./src/engine/core/MainLoop/mainLoop.ts:36
[  928037ms] [LOG] APS: 60 | FPS: 60 @ webpack-internal:///(app-pages-browser)/./src/engine/core/MainLoop/mainLoop.ts:36
[  929035ms] [LOG] APS: 60 | FPS: 60 @ webpack-internal:///(app-pages-browser)/./src/engine/core/MainLoop/mainLoop.ts:36
[  929036ms] [LOG] APS: 60 | FPS: 60 @ webpack-internal:///(app-pages-browser)/./src/engine/core/MainLoop/mainLoop.ts:36
[  930036ms] [LOG] APS: 60 | FPS: 60 @ webpack-internal:///(app-pages-browser)/./src/engine/core/MainLoop/mainLoop.ts:36
[  930037ms] [LOG] APS: 60 | FPS: 60 @ webpack-internal:///(app-pages-browser)/./src/engine/core/MainLoop/mainLoop.ts:36
[  931036ms] [LOG] APS: 60 | FPS: 60 @ webpack-internal:///(app-pages-browser)/./src/engine/core/MainLoop/mainLoop.ts:36
[  931037ms] [LOG] APS: 60 | FPS: 60 @ webpack-internal:///(app-pages-browser)/./src/engine/core/MainLoop/mainLoop.ts:36
[  932036ms] [LOG] APS: 60 | FPS: 60 @ webpack-internal:///(app-pages-browser)/./src/engine/core/MainLoop/mainLoop.ts:36
[  932037ms] [LOG] APS: 60 | FPS: 60 @ webpack-internal:///(app-pages-browser)/./src/engine/core/MainLoop/mainLoop.ts:36
[  933036ms] [LOG] APS: 60 | FPS: 60 @ webpack-internal:///(app-pages-browser)/./src/engine/core/MainLoop/mainLoop.ts:36
[  933037ms] [LOG] APS: 60 | FPS: 60 @ webpack-internal:///(app-pages-browser)/./src/engine/core/MainLoop/mainLoop.ts:36
[  934035ms] [LOG] APS: 60 | FPS: 60 @ webpack-internal:///(app-pages-browser)/./src/engine/core/MainLoop/mainLoop.ts:36
[  934036ms] [LOG] APS: 60 | FPS: 60 @ webpack-internal:///(app-pages-browser)/./src/engine/core/MainLoop/mainLoop.ts:36
[  935036ms] [LOG] APS: 60 | FPS: 60 @ webpack-internal:///(app-pages-browser)/./src/engine/core/MainLoop/mainLoop.ts:36
[  935037ms] [LOG] APS: 60 | FPS: 60 @ webpack-internal:///(app-pages-browser)/./src/engine/core/MainLoop/mainLoop.ts:36
[  936035ms] [LOG] APS: 60 | FPS: 60 @ webpack-internal:///(app-pages-browser)/./src/engine/core/MainLoop/mainLoop.ts:36
[  936036ms] [LOG] APS: 60 | FPS: 60 @ webpack-internal:///(app-pages-browser)/./src/engine/core/MainLoop/mainLoop.ts:36
[  937035ms] [LOG] APS: 60 | FPS: 60 @ webpack-internal:///(app-pages-browser)/./src/engine/core/MainLoop/mainLoop.ts:36
[  937036ms] [LOG] APS: 60 | FPS: 60 @ webpack-internal:///(app-pages-browser)/./src/engine/core/MainLoop/mainLoop.ts:36
[  938035ms] [LOG] APS: 60 | FPS: 60 @ webpack-internal:///(app-pages-browser)/./src/engine/core/MainLoop/mainLoop.ts:36
[  938036ms] [LOG] APS: 60 | FPS: 60 @ webpack-internal:///(app-pages-browser)/./src/engine/core/MainLoop/mainLoop.ts:36
[  939035ms] [LOG] APS: 60 | FPS: 60 @ webpack-internal:///(app-pages-browser)/./src/engine/core/MainLoop/mainLoop.ts:36
[  939036ms] [LOG] APS: 60 | FPS: 60 @ webpack-internal:///(app-pages-browser)/./src/engine/core/MainLoop/mainLoop.ts:36
[  940035ms] [LOG] APS: 60 | FPS: 60 @ webpack-internal:///(app-pages-browser)/./src/engine/core/MainLoop/mainLoop.ts:36
[  940036ms] [LOG] APS: 60 | FPS: 60 @ webpack-internal:///(app-pages-browser)/./src/engine/core/MainLoop/mainLoop.ts:36
[  941035ms] [LOG] APS: 60 | FPS: 60 @ webpack-internal:///(app-pages-browser)/./src/engine/core/MainLoop/mainLoop.ts:36
[  941036ms] [LOG] APS: 60 | FPS: 60 @ webpack-internal:///(app-pages-browser)/./src/engine/core/MainLoop/mainLoop.ts:36
[  942035ms] [LOG] APS: 60 | FPS: 60 @ webpack-internal:///(app-pages-browser)/./src/engine/core/MainLoop/mainLoop.ts:36
[  942036ms] [LOG] APS: 60 | FPS: 60 @ webpack-internal:///(app-pages-browser)/./src/engine/core/MainLoop/mainLoop.ts:36
[  943034ms] [LOG] APS: 60 | FPS: 60 @ webpack-internal:///(app-pages-browser)/./src/engine/core/MainLoop/mainLoop.ts:36
[  943035ms] [LOG] APS: 60 | FPS: 60 @ webpack-internal:///(app-pages-browser)/./src/engine/core/MainLoop/mainLoop.ts:36
[  944035ms] [LOG] APS: 60 | FPS: 60 @ webpack-internal:///(app-pages-browser)/./src/engine/core/MainLoop/mainLoop.ts:36
[  944036ms] [LOG] APS: 60 | FPS: 60 @ webpack-internal:///(app-pages-browser)/./src/engine/core/MainLoop/mainLoop.ts:36
[  945035ms] [LOG] APS: 60 | FPS: 60 @ webpack-internal:///(app-pages-browser)/./src/engine/core/MainLoop/mainLoop.ts:36
[  945036ms] [LOG] APS: 60 | FPS: 60 @ webpack-internal:///(app-pages-browser)/./src/engine/core/MainLoop/mainLoop.ts:36
[  946035ms] [LOG] APS: 60 | FPS: 60 @ webpack-internal:///(app-pages-browser)/./src/engine/core/MainLoop/mainLoop.ts:36
[  946036ms] [LOG] APS: 60 | FPS: 60 @ webpack-internal:///(app-pages-browser)/./src/engine/core/MainLoop/mainLoop.ts:36
[  947035ms] [LOG] APS: 60 | FPS: 60 @ webpack-internal:///(app-pages-browser)/./src/engine/core/MainLoop/mainLoop.ts:36
[  947036ms] [LOG] APS: 60 | FPS: 60 @ webpack-internal:///(app-pages-browser)/./src/engine/core/MainLoop/mainLoop.ts:36
[  948035ms] [LOG] APS: 60 | FPS: 60 @ webpack-internal:///(app-pages-browser)/./src/engine/core/MainLoop/mainLoop.ts:36
[  948036ms] [LOG] APS: 60 | FPS: 60 @ webpack-internal:///(app-pages-browser)/./src/engine/core/MainLoop/mainLoop.ts:36
[  949035ms] [LOG] APS: 60 | FPS: 60 @ webpack-internal:///(app-pages-browser)/./src/engine/core/MainLoop/mainLoop.ts:36
[  949036ms] [LOG] APS: 60 | FPS: 60 @ webpack-internal:///(app-pages-browser)/./src/engine/core/MainLoop/mainLoop.ts:36
[  950034ms] [LOG] APS: 60 | FPS: 60 @ webpack-internal:///(app-pages-browser)/./src/engine/core/MainLoop/mainLoop.ts:36
[  950035ms] [LOG] APS: 60 | FPS: 60 @ webpack-internal:///(app-pages-browser)/./src/engine/core/MainLoop/mainLoop.ts:36
[  951035ms] [LOG] APS: 60 | FPS: 60 @ webpack-internal:///(app-pages-browser)/./src/engine/core/MainLoop/mainLoop.ts:36
[  951036ms] [LOG] APS: 60 | FPS: 60 @ webpack-internal:///(app-pages-browser)/./src/engine/core/MainLoop/mainLoop.ts:36
[  952034ms] [LOG] APS: 60 | FPS: 60 @ webpack-internal:///(app-pages-browser)/./src/engine/core/MainLoop/mainLoop.ts:36
[  952035ms] [LOG] APS: 60 | FPS: 60 @ webpack-internal:///(app-pages-browser)/./src/engine/core/MainLoop/mainLoop.ts:36
[  953035ms] [LOG] APS: 60 | FPS: 60 @ webpack-internal:///(app-pages-browser)/./src/engine/core/MainLoop/mainLoop.ts:36
[  953036ms] [LOG] APS: 60 | FPS: 60 @ webpack-internal:///(app-pages-browser)/./src/engine/core/MainLoop/mainLoop.ts:36
[  954035ms] [LOG] APS: 60 | FPS: 60 @ webpack-internal:///(app-pages-browser)/./src/engine/core/MainLoop/mainLoop.ts:36
[  954036ms] [LOG] APS: 60 | FPS: 60 @ webpack-internal:///(app-pages-browser)/./src/engine/core/MainLoop/mainLoop.ts:36
[  955035ms] [LOG] APS: 60 | FPS: 60 @ webpack-internal:///(app-pages-browser)/./src/engine/core/MainLoop/mainLoop.ts:36
[  955036ms] [LOG] APS: 60 | FPS: 60 @ webpack-internal:///(app-pages-browser)/./src/engine/core/MainLoop/mainLoop.ts:36
[  956034ms] [LOG] APS: 60 | FPS: 60 @ webpack-internal:///(app-pages-browser)/./src/engine/core/MainLoop/mainLoop.ts:36
[  956035ms] [LOG] APS: 60 | FPS: 60 @ webpack-internal:///(app-pages-browser)/./src/engine/core/MainLoop/mainLoop.ts:36
[  957035ms] [LOG] APS: 60 | FPS: 60 @ webpack-internal:///(app-pages-browser)/./src/engine/core/MainLoop/mainLoop.ts:36
[  957036ms] [LOG] APS: 60 | FPS: 60 @ webpack-internal:///(app-pages-browser)/./src/engine/core/MainLoop/mainLoop.ts:36
[  958035ms] [LOG] APS: 60 | FPS: 60 @ webpack-internal:///(app-pages-browser)/./src/engine/core/MainLoop/mainLoop.ts:36
[  958036ms] [LOG] APS: 60 | FPS: 60 @ webpack-internal:///(app-pages-browser)/./src/engine/core/MainLoop/mainLoop.ts:36
[  959035ms] [LOG] APS: 60 | FPS: 60 @ webpack-internal:///(app-pages-browser)/./src/engine/core/MainLoop/mainLoop.ts:36
[  959036ms] [LOG] APS: 60 | FPS: 60 @ webpack-internal:///(app-pages-browser)/./src/engine/core/MainLoop/mainLoop.ts:36
[  960034ms] [LOG] APS: 60 | FPS: 60 @ webpack-internal:///(app-pages-browser)/./src/engine/core/MainLoop/mainLoop.ts:36
[  960035ms] [LOG] APS: 60 | FPS: 60 @ webpack-internal:///(app-pages-browser)/./src/engine/core/MainLoop/mainLoop.ts:36
[  961034ms] [LOG] APS: 60 | FPS: 60 @ webpack-internal:///(app-pages-browser)/./src/engine/core/MainLoop/mainLoop.ts:36
[  961035ms] [LOG] APS: 60 | FPS: 60 @ webpack-internal:///(app-pages-browser)/./src/engine/core/MainLoop/mainLoop.ts:36
[  962034ms] [LOG] APS: 60 | FPS: 60 @ webpack-internal:///(app-pages-browser)/./src/engine/core/MainLoop/mainLoop.ts:36
[  962035ms] [LOG] APS: 60 | FPS: 60 @ webpack-internal:///(app-pages-browser)/./src/engine/core/MainLoop/mainLoop.ts:36
[  963034ms] [LOG] APS: 60 | FPS: 60 @ webpack-internal:///(app-pages-browser)/./src/engine/core/MainLoop/mainLoop.ts:36
[  963035ms] [LOG] APS: 60 | FPS: 60 @ webpack-internal:///(app-pages-browser)/./src/engine/core/MainLoop/mainLoop.ts:36
[  964034ms] [LOG] APS: 60 | FPS: 60 @ webpack-internal:///(app-pages-browser)/./src/engine/core/MainLoop/mainLoop.ts:36
[  964035ms] [LOG] APS: 60 | FPS: 60 @ webpack-internal:///(app-pages-browser)/./src/engine/core/MainLoop/mainLoop.ts:36
[  965034ms] [LOG] APS: 60 | FPS: 60 @ webpack-internal:///(app-pages-browser)/./src/engine/core/MainLoop/mainLoop.ts:36
[  965035ms] [LOG] APS: 60 | FPS: 60 @ webpack-internal:///(app-pages-browser)/./src/engine/core/MainLoop/mainLoop.ts:36
[  966034ms] [LOG] APS: 60 | FPS: 60 @ webpack-internal:///(app-pages-browser)/./src/engine/core/MainLoop/mainLoop.ts:36
[  966035ms] [LOG] APS: 60 | FPS: 60 @ webpack-internal:///(app-pages-browser)/./src/engine/core/MainLoop/mainLoop.ts:36
[  967034ms] [LOG] APS: 60 | FPS: 60 @ webpack-internal:///(app-pages-browser)/./src/engine/core/MainLoop/mainLoop.ts:36
[  967035ms] [LOG] APS: 60 | FPS: 60 @ webpack-internal:///(app-pages-browser)/./src/engine/core/MainLoop/mainLoop.ts:36
[  968034ms] [LOG] APS: 60 | FPS: 60 @ webpack-internal:///(app-pages-browser)/./src/engine/core/MainLoop/mainLoop.ts:36
[  968035ms] [LOG] APS: 60 | FPS: 60 @ webpack-internal:///(app-pages-browser)/./src/engine/core/MainLoop/mainLoop.ts:36
[  969034ms] [LOG] APS: 60 | FPS: 60 @ webpack-internal:///(app-pages-browser)/./src/engine/core/MainLoop/mainLoop.ts:36
[  969035ms] [LOG] APS: 60 | FPS: 60 @ webpack-internal:///(app-pages-browser)/./src/engine/core/MainLoop/mainLoop.ts:36
[  970034ms] [LOG] APS: 60 | FPS: 60 @ webpack-internal:///(app-pages-browser)/./src/engine/core/MainLoop/mainLoop.ts:36
[  970035ms] [LOG] APS: 60 | FPS: 60 @ webpack-internal:///(app-pages-browser)/./src/engine/core/MainLoop/mainLoop.ts:36
[  971034ms] [LOG] APS: 60 | FPS: 60 @ webpack-internal:///(app-pages-browser)/./src/engine/core/MainLoop/mainLoop.ts:36
[  971035ms] [LOG] APS: 60 | FPS: 60 @ webpack-internal:///(app-pages-browser)/./src/engine/core/MainLoop/mainLoop.ts:36
[  972034ms] [LOG] APS: 60 | FPS: 60 @ webpack-internal:///(app-pages-browser)/./src/engine/core/MainLoop/mainLoop.ts:36
[  972035ms] [LOG] APS: 60 | FPS: 60 @ webpack-internal:///(app-pages-browser)/./src/engine/core/MainLoop/mainLoop.ts:36
[  973034ms] [LOG] APS: 60 | FPS: 60 @ webpack-internal:///(app-pages-browser)/./src/engine/core/MainLoop/mainLoop.ts:36
[  973035ms] [LOG] APS: 60 | FPS: 60 @ webpack-internal:///(app-pages-browser)/./src/engine/core/MainLoop/mainLoop.ts:36
[  974034ms] [LOG] APS: 60 | FPS: 60 @ webpack-internal:///(app-pages-browser)/./src/engine/core/MainLoop/mainLoop.ts:36
[  974035ms] [LOG] APS: 60 | FPS: 60 @ webpack-internal:///(app-pages-browser)/./src/engine/core/MainLoop/mainLoop.ts:36
[  975034ms] [LOG] APS: 60 | FPS: 60 @ webpack-internal:///(app-pages-browser)/./src/engine/core/MainLoop/mainLoop.ts:36
[  975035ms] [LOG] APS: 60 | FPS: 60 @ webpack-internal:///(app-pages-browser)/./src/engine/core/MainLoop/mainLoop.ts:36
[  976034ms] [LOG] APS: 60 | FPS: 60 @ webpack-internal:///(app-pages-browser)/./src/engine/core/MainLoop/mainLoop.ts:36
[  976035ms] [LOG] APS: 60 | FPS: 60 @ webpack-internal:///(app-pages-browser)/./src/engine/core/MainLoop/mainLoop.ts:36
[  977034ms] [LOG] APS: 60 | FPS: 60 @ webpack-internal:///(app-pages-browser)/./src/engine/core/MainLoop/mainLoop.ts:36
[  977035ms] [LOG] APS: 60 | FPS: 60 @ webpack-internal:///(app-pages-browser)/./src/engine/core/MainLoop/mainLoop.ts:36
[  978034ms] [LOG] APS: 60 | FPS: 60 @ webpack-internal:///(app-pages-browser)/./src/engine/core/MainLoop/mainLoop.ts:36
[  978035ms] [LOG] APS: 60 | FPS: 60 @ webpack-internal:///(app-pages-browser)/./src/engine/core/MainLoop/mainLoop.ts:36
[  979034ms] [LOG] APS: 60 | FPS: 60 @ webpack-internal:///(app-pages-browser)/./src/engine/core/MainLoop/mainLoop.ts:36
[  979035ms] [LOG] APS: 60 | FPS: 60 @ webpack-internal:///(app-pages-browser)/./src/engine/core/MainLoop/mainLoop.ts:36
[  980034ms] [LOG] APS: 60 | FPS: 60 @ webpack-internal:///(app-pages-browser)/./src/engine/core/MainLoop/mainLoop.ts:36
[  980035ms] [LOG] APS: 60 | FPS: 60 @ webpack-internal:///(app-pages-browser)/./src/engine/core/MainLoop/mainLoop.ts:36
[  981033ms] [LOG] APS: 60 | FPS: 60 @ webpack-internal:///(app-pages-browser)/./src/engine/core/MainLoop/mainLoop.ts:36
[  981034ms] [LOG] APS: 60 | FPS: 60 @ webpack-internal:///(app-pages-browser)/./src/engine/core/MainLoop/mainLoop.ts:36
[  982034ms] [LOG] APS: 60 | FPS: 60 @ webpack-internal:///(app-pages-browser)/./src/engine/core/MainLoop/mainLoop.ts:36
[  982035ms] [LOG] APS: 60 | FPS: 60 @ webpack-internal:///(app-pages-browser)/./src/engine/core/MainLoop/mainLoop.ts:36
[  983034ms] [LOG] APS: 60 | FPS: 60 @ webpack-internal:///(app-pages-browser)/./src/engine/core/MainLoop/mainLoop.ts:36
[  983035ms] [LOG] APS: 60 | FPS: 60 @ webpack-internal:///(app-pages-browser)/./src/engine/core/MainLoop/mainLoop.ts:36
[  984034ms] [LOG] APS: 60 | FPS: 60 @ webpack-internal:///(app-pages-browser)/./src/engine/core/MainLoop/mainLoop.ts:36
[  984035ms] [LOG] APS: 60 | FPS: 60 @ webpack-internal:///(app-pages-browser)/./src/engine/core/MainLoop/mainLoop.ts:36
[  985033ms] [LOG] APS: 60 | FPS: 60 @ webpack-internal:///(app-pages-browser)/./src/engine/core/MainLoop/mainLoop.ts:36
[  985034ms] [LOG] APS: 60 | FPS: 60 @ webpack-internal:///(app-pages-browser)/./src/engine/core/MainLoop/mainLoop.ts:36
[  986033ms] [LOG] APS: 60 | FPS: 60 @ webpack-internal:///(app-pages-browser)/./src/engine/core/MainLoop/mainLoop.ts:36
[  986034ms] [LOG] APS: 60 | FPS: 60 @ webpack-internal:///(app-pages-browser)/./src/engine/core/MainLoop/mainLoop.ts:36
[  987033ms] [LOG] APS: 60 | FPS: 60 @ webpack-internal:///(app-pages-browser)/./src/engine/core/MainLoop/mainLoop.ts:36
[  987034ms] [LOG] APS: 60 | FPS: 60 @ webpack-internal:///(app-pages-browser)/./src/engine/core/MainLoop/mainLoop.ts:36
[  988033ms] [LOG] APS: 60 | FPS: 60 @ webpack-internal:///(app-pages-browser)/./src/engine/core/MainLoop/mainLoop.ts:36
[  988034ms] [LOG] APS: 60 | FPS: 60 @ webpack-internal:///(app-pages-browser)/./src/engine/core/MainLoop/mainLoop.ts:36
[  989033ms] [LOG] APS: 60 | FPS: 60 @ webpack-internal:///(app-pages-browser)/./src/engine/core/MainLoop/mainLoop.ts:36
[  989034ms] [LOG] APS: 60 | FPS: 60 @ webpack-internal:///(app-pages-browser)/./src/engine/core/MainLoop/mainLoop.ts:36
[  990033ms] [LOG] APS: 60 | FPS: 60 @ webpack-internal:///(app-pages-browser)/./src/engine/core/MainLoop/mainLoop.ts:36
[  990034ms] [LOG] APS: 60 | FPS: 60 @ webpack-internal:///(app-pages-browser)/./src/engine/core/MainLoop/mainLoop.ts:36
[  991033ms] [LOG] APS: 60 | FPS: 60 @ webpack-internal:///(app-pages-browser)/./src/engine/core/MainLoop/mainLoop.ts:36
[  991034ms] [LOG] APS: 60 | FPS: 60 @ webpack-internal:///(app-pages-browser)/./src/engine/core/MainLoop/mainLoop.ts:36
[  992033ms] [LOG] APS: 60 | FPS: 60 @ webpack-internal:///(app-pages-browser)/./src/engine/core/MainLoop/mainLoop.ts:36
[  992034ms] [LOG] APS: 60 | FPS: 60 @ webpack-internal:///(app-pages-browser)/./src/engine/core/MainLoop/mainLoop.ts:36
[  993033ms] [LOG] APS: 60 | FPS: 60 @ webpack-internal:///(app-pages-browser)/./src/engine/core/MainLoop/mainLoop.ts:36
[  993034ms] [LOG] APS: 60 | FPS: 60 @ webpack-internal:///(app-pages-browser)/./src/engine/core/MainLoop/mainLoop.ts:36
[  994032ms] [LOG] APS: 60 | FPS: 60 @ webpack-internal:///(app-pages-browser)/./src/engine/core/MainLoop/mainLoop.ts:36
[  994033ms] [LOG] APS: 60 | FPS: 60 @ webpack-internal:///(app-pages-browser)/./src/engine/core/MainLoop/mainLoop.ts:36
[  995033ms] [LOG] APS: 60 | FPS: 60 @ webpack-internal:///(app-pages-browser)/./src/engine/core/MainLoop/mainLoop.ts:36
[  995034ms] [LOG] APS: 60 | FPS: 60 @ webpack-internal:///(app-pages-browser)/./src/engine/core/MainLoop/mainLoop.ts:36
[  996032ms] [LOG] APS: 60 | FPS: 60 @ webpack-internal:///(app-pages-browser)/./src/engine/core/MainLoop/mainLoop.ts:36
[  996033ms] [LOG] APS: 60 | FPS: 60 @ webpack-internal:///(app-pages-browser)/./src/engine/core/MainLoop/mainLoop.ts:36
[  997032ms] [LOG] APS: 60 | FPS: 60 @ webpack-internal:///(app-pages-browser)/./src/engine/core/MainLoop/mainLoop.ts:36
[  997033ms] [LOG] APS: 60 | FPS: 60 @ webpack-internal:///(app-pages-browser)/./src/engine/core/MainLoop/mainLoop.ts:36
[  998033ms] [LOG] APS: 60 | FPS: 60 @ webpack-internal:///(app-pages-browser)/./src/engine/core/MainLoop/mainLoop.ts:36
[  998034ms] [LOG] APS: 60 | FPS: 60 @ webpack-internal:///(app-pages-browser)/./src/engine/core/MainLoop/mainLoop.ts:36
[  999033ms] [LOG] APS: 60 | FPS: 60 @ webpack-internal:///(app-pages-browser)/./src/engine/core/MainLoop/mainLoop.ts:36
[  999034ms] [LOG] APS: 60 | FPS: 60 @ webpack-internal:///(app-pages-browser)/./src/engine/core/MainLoop/mainLoop.ts:36
[ 1000033ms] [LOG] APS: 60 | FPS: 60 @ webpack-internal:///(app-pages-browser)/./src/engine/core/MainLoop/mainLoop.ts:36
[ 1000034ms] [LOG] APS: 60 | FPS: 60 @ webpack-internal:///(app-pages-browser)/./src/engine/core/MainLoop/mainLoop.ts:36
[ 1001033ms] [LOG] APS: 60 | FPS: 60 @ webpack-internal:///(app-pages-browser)/./src/engine/core/MainLoop/mainLoop.ts:36
[ 1001034ms] [LOG] APS: 60 | FPS: 60 @ webpack-internal:///(app-pages-browser)/./src/engine/core/MainLoop/mainLoop.ts:36
[ 1002033ms] [LOG] APS: 60 | FPS: 60 @ webpack-internal:///(app-pages-browser)/./src/engine/core/MainLoop/mainLoop.ts:36
[ 1002034ms] [LOG] APS: 60 | FPS: 60 @ webpack-internal:///(app-pages-browser)/./src/engine/core/MainLoop/mainLoop.ts:36
[ 1003032ms] [LOG] APS: 60 | FPS: 60 @ webpack-internal:///(app-pages-browser)/./src/engine/core/MainLoop/mainLoop.ts:36
[ 1003035ms] [LOG] APS: 60 | FPS: 60 @ webpack-internal:///(app-pages-browser)/./src/engine/core/MainLoop/mainLoop.ts:36
[ 1004032ms] [LOG] APS: 60 | FPS: 60 @ webpack-internal:///(app-pages-browser)/./src/engine/core/MainLoop/mainLoop.ts:36
[ 1004033ms] [LOG] APS: 60 | FPS: 60 @ webpack-internal:///(app-pages-browser)/./src/engine/core/MainLoop/mainLoop.ts:36
[ 1005033ms] [LOG] APS: 60 | FPS: 60 @ webpack-internal:///(app-pages-browser)/./src/engine/core/MainLoop/mainLoop.ts:36
[ 1005034ms] [LOG] APS: 60 | FPS: 60 @ webpack-internal:///(app-pages-browser)/./src/engine/core/MainLoop/mainLoop.ts:36
[ 1006033ms] [LOG] APS: 60 | FPS: 60 @ webpack-internal:///(app-pages-browser)/./src/engine/core/MainLoop/mainLoop.ts:36
[ 1006034ms] [LOG] APS: 60 | FPS: 60 @ webpack-internal:///(app-pages-browser)/./src/engine/core/MainLoop/mainLoop.ts:36
[ 1007033ms] [LOG] APS: 60 | FPS: 60 @ webpack-internal:///(app-pages-browser)/./src/engine/core/MainLoop/mainLoop.ts:36
[ 1007034ms] [LOG] APS: 60 | FPS: 60 @ webpack-internal:///(app-pages-browser)/./src/engine/core/MainLoop/mainLoop.ts:36
[ 1008033ms] [LOG] APS: 60 | FPS: 60 @ webpack-internal:///(app-pages-browser)/./src/engine/core/MainLoop/mainLoop.ts:36
[ 1008034ms] [LOG] APS: 60 | FPS: 60 @ webpack-internal:///(app-pages-browser)/./src/engine/core/MainLoop/mainLoop.ts:36
[ 1009033ms] [LOG] APS: 60 | FPS: 60 @ webpack-internal:///(app-pages-browser)/./src/engine/core/MainLoop/mainLoop.ts:36
[ 1009034ms] [LOG] APS: 60 | FPS: 60 @ webpack-internal:///(app-pages-browser)/./src/engine/core/MainLoop/mainLoop.ts:36
[ 1010032ms] [LOG] APS: 60 | FPS: 60 @ webpack-internal:///(app-pages-browser)/./src/engine/core/MainLoop/mainLoop.ts:36
[ 1010033ms] [LOG] APS: 60 | FPS: 60 @ webpack-internal:///(app-pages-browser)/./src/engine/core/MainLoop/mainLoop.ts:36
[ 1011032ms] [LOG] APS: 60 | FPS: 60 @ webpack-internal:///(app-pages-browser)/./src/engine/core/MainLoop/mainLoop.ts:36
[ 1011033ms] [LOG] APS: 60 | FPS: 60 @ webpack-internal:///(app-pages-browser)/./src/engine/core/MainLoop/mainLoop.ts:36
[ 1012032ms] [LOG] APS: 60 | FPS: 60 @ webpack-internal:///(app-pages-browser)/./src/engine/core/MainLoop/mainLoop.ts:36
[ 1012034ms] [LOG] APS: 60 | FPS: 60 @ webpack-internal:///(app-pages-browser)/./src/engine/core/MainLoop/mainLoop.ts:36
[ 1013032ms] [LOG] APS: 60 | FPS: 60 @ webpack-internal:///(app-pages-browser)/./src/engine/core/MainLoop/mainLoop.ts:36
[ 1013033ms] [LOG] APS: 60 | FPS: 60 @ webpack-internal:///(app-pages-browser)/./src/engine/core/MainLoop/mainLoop.ts:36
[ 1014032ms] [LOG] APS: 60 | FPS: 60 @ webpack-internal:///(app-pages-browser)/./src/engine/core/MainLoop/mainLoop.ts:36
[ 1014033ms] [LOG] APS: 60 | FPS: 60 @ webpack-internal:///(app-pages-browser)/./src/engine/core/MainLoop/mainLoop.ts:36
[ 1015032ms] [LOG] APS: 60 | FPS: 60 @ webpack-internal:///(app-pages-browser)/./src/engine/core/MainLoop/mainLoop.ts:36
[ 1015033ms] [LOG] APS: 60 | FPS: 60 @ webpack-internal:///(app-pages-browser)/./src/engine/core/MainLoop/mainLoop.ts:36
[ 1016032ms] [LOG] APS: 60 | FPS: 60 @ webpack-internal:///(app-pages-browser)/./src/engine/core/MainLoop/mainLoop.ts:36
[ 1016033ms] [LOG] APS: 60 | FPS: 60 @ webpack-internal:///(app-pages-browser)/./src/engine/core/MainLoop/mainLoop.ts:36
[ 1017032ms] [LOG] APS: 60 | FPS: 60 @ webpack-internal:///(app-pages-browser)/./src/engine/core/MainLoop/mainLoop.ts:36
[ 1017033ms] [LOG] APS: 60 | FPS: 60 @ webpack-internal:///(app-pages-browser)/./src/engine/core/MainLoop/mainLoop.ts:36
[ 1018032ms] [LOG] APS: 60 | FPS: 60 @ webpack-internal:///(app-pages-browser)/./src/engine/core/MainLoop/mainLoop.ts:36
[ 1018033ms] [LOG] APS: 60 | FPS: 60 @ webpack-internal:///(app-pages-browser)/./src/engine/core/MainLoop/mainLoop.ts:36
[ 1019032ms] [LOG] APS: 60 | FPS: 60 @ webpack-internal:///(app-pages-browser)/./src/engine/core/MainLoop/mainLoop.ts:36
[ 1019033ms] [LOG] APS: 60 | FPS: 60 @ webpack-internal:///(app-pages-browser)/./src/engine/core/MainLoop/mainLoop.ts:36
[ 1020032ms] [LOG] APS: 60 | FPS: 60 @ webpack-internal:///(app-pages-browser)/./src/engine/core/MainLoop/mainLoop.ts:36
[ 1020033ms] [LOG] APS: 60 | FPS: 60 @ webpack-internal:///(app-pages-browser)/./src/engine/core/MainLoop/mainLoop.ts:36
[ 1021032ms] [LOG] APS: 60 | FPS: 60 @ webpack-internal:///(app-pages-browser)/./src/engine/core/MainLoop/mainLoop.ts:36
[ 1021032ms] [LOG] APS: 60 | FPS: 60 @ webpack-internal:///(app-pages-browser)/./src/engine/core/MainLoop/mainLoop.ts:36
[ 1022031ms] [LOG] APS: 60 | FPS: 60 @ webpack-internal:///(app-pages-browser)/./src/engine/core/MainLoop/mainLoop.ts:36
[ 1022032ms] [LOG] APS: 60 | FPS: 60 @ webpack-internal:///(app-pages-browser)/./src/engine/core/MainLoop/mainLoop.ts:36
[ 1023032ms] [LOG] APS: 60 | FPS: 60 @ webpack-internal:///(app-pages-browser)/./src/engine/core/MainLoop/mainLoop.ts:36
[ 1023033ms] [LOG] APS: 60 | FPS: 60 @ webpack-internal:///(app-pages-browser)/./src/engine/core/MainLoop/mainLoop.ts:36
[ 1024032ms] [LOG] APS: 60 | FPS: 60 @ webpack-internal:///(app-pages-browser)/./src/engine/core/MainLoop/mainLoop.ts:36
[ 1024033ms] [LOG] APS: 60 | FPS: 60 @ webpack-internal:///(app-pages-browser)/./src/engine/core/MainLoop/mainLoop.ts:36
[ 1025032ms] [LOG] APS: 60 | FPS: 60 @ webpack-internal:///(app-pages-browser)/./src/engine/core/MainLoop/mainLoop.ts:36
[ 1025033ms] [LOG] APS: 60 | FPS: 60 @ webpack-internal:///(app-pages-browser)/./src/engine/core/MainLoop/mainLoop.ts:36
[ 1026032ms] [LOG] APS: 60 | FPS: 60 @ webpack-internal:///(app-pages-browser)/./src/engine/core/MainLoop/mainLoop.ts:36
[ 1026033ms] [LOG] APS: 60 | FPS: 60 @ webpack-internal:///(app-pages-browser)/./src/engine/core/MainLoop/mainLoop.ts:36
[ 1027031ms] [LOG] APS: 60 | FPS: 60 @ webpack-internal:///(app-pages-browser)/./src/engine/core/MainLoop/mainLoop.ts:36
[ 1027032ms] [LOG] APS: 60 | FPS: 60 @ webpack-internal:///(app-pages-browser)/./src/engine/core/MainLoop/mainLoop.ts:36
[ 1028032ms] [LOG] APS: 60 | FPS: 60 @ webpack-internal:///(app-pages-browser)/./src/engine/core/MainLoop/mainLoop.ts:36
[ 1028033ms] [LOG] APS: 60 | FPS: 60 @ webpack-internal:///(app-pages-browser)/./src/engine/core/MainLoop/mainLoop.ts:36
[ 1029032ms] [LOG] APS: 60 | FPS: 60 @ webpack-internal:///(app-pages-browser)/./src/engine/core/MainLoop/mainLoop.ts:36
[ 1029033ms] [LOG] APS: 60 | FPS: 60 @ webpack-internal:///(app-pages-browser)/./src/engine/core/MainLoop/mainLoop.ts:36
[ 1030032ms] [LOG] APS: 60 | FPS: 60 @ webpack-internal:///(app-pages-browser)/./src/engine/core/MainLoop/mainLoop.ts:36
[ 1030033ms] [LOG] APS: 60 | FPS: 60 @ webpack-internal:///(app-pages-browser)/./src/engine/core/MainLoop/mainLoop.ts:36
[ 1031032ms] [LOG] APS: 60 | FPS: 60 @ webpack-internal:///(app-pages-browser)/./src/engine/core/MainLoop/mainLoop.ts:36
[ 1031033ms] [LOG] APS: 60 | FPS: 60 @ webpack-internal:///(app-pages-browser)/./src/engine/core/MainLoop/mainLoop.ts:36
[ 1032031ms] [LOG] APS: 60 | FPS: 60 @ webpack-internal:///(app-pages-browser)/./src/engine/core/MainLoop/mainLoop.ts:36
[ 1032032ms] [LOG] APS: 60 | FPS: 60 @ webpack-internal:///(app-pages-browser)/./src/engine/core/MainLoop/mainLoop.ts:36
[ 1033032ms] [LOG] APS: 60 | FPS: 60 @ webpack-internal:///(app-pages-browser)/./src/engine/core/MainLoop/mainLoop.ts:36
[ 1033033ms] [LOG] APS: 60 | FPS: 60 @ webpack-internal:///(app-pages-browser)/./src/engine/core/MainLoop/mainLoop.ts:36
[ 1034031ms] [LOG] APS: 60 | FPS: 60 @ webpack-internal:///(app-pages-browser)/./src/engine/core/MainLoop/mainLoop.ts:36
[ 1034032ms] [LOG] APS: 60 | FPS: 60 @ webpack-internal:///(app-pages-browser)/./src/engine/core/MainLoop/mainLoop.ts:36
[ 1035032ms] [LOG] APS: 60 | FPS: 60 @ webpack-internal:///(app-pages-browser)/./src/engine/core/MainLoop/mainLoop.ts:36
[ 1035033ms] [LOG] APS: 60 | FPS: 60 @ webpack-internal:///(app-pages-browser)/./src/engine/core/MainLoop/mainLoop.ts:36
[ 1036031ms] [LOG] APS: 60 | FPS: 60 @ webpack-internal:///(app-pages-browser)/./src/engine/core/MainLoop/mainLoop.ts:36
[ 1036032ms] [LOG] APS: 60 | FPS: 60 @ webpack-internal:///(app-pages-browser)/./src/engine/core/MainLoop/mainLoop.ts:36
[ 1037031ms] [LOG] APS: 60 | FPS: 60 @ webpack-internal:///(app-pages-browser)/./src/engine/core/MainLoop/mainLoop.ts:36
[ 1037032ms] [LOG] APS: 60 | FPS: 60 @ webpack-internal:///(app-pages-browser)/./src/engine/core/MainLoop/mainLoop.ts:36
[ 1038031ms] [LOG] APS: 60 | FPS: 60 @ webpack-internal:///(app-pages-browser)/./src/engine/core/MainLoop/mainLoop.ts:36
[ 1038032ms] [LOG] APS: 60 | FPS: 60 @ webpack-internal:///(app-pages-browser)/./src/engine/core/MainLoop/mainLoop.ts:36
[ 1039031ms] [LOG] APS: 60 | FPS: 60 @ webpack-internal:///(app-pages-browser)/./src/engine/core/MainLoop/mainLoop.ts:36
[ 1039032ms] [LOG] APS: 60 | FPS: 60 @ webpack-internal:///(app-pages-browser)/./src/engine/core/MainLoop/mainLoop.ts:36
[ 1040031ms] [LOG] APS: 60 | FPS: 60 @ webpack-internal:///(app-pages-browser)/./src/engine/core/MainLoop/mainLoop.ts:36
[ 1040032ms] [LOG] APS: 60 | FPS: 60 @ webpack-internal:///(app-pages-browser)/./src/engine/core/MainLoop/mainLoop.ts:36
[ 1041031ms] [LOG] APS: 60 | FPS: 60 @ webpack-internal:///(app-pages-browser)/./src/engine/core/MainLoop/mainLoop.ts:36
[ 1041032ms] [LOG] APS: 60 | FPS: 60 @ webpack-internal:///(app-pages-browser)/./src/engine/core/MainLoop/mainLoop.ts:36
[ 1042031ms] [LOG] APS: 60 | FPS: 60 @ webpack-internal:///(app-pages-browser)/./src/engine/core/MainLoop/mainLoop.ts:36
[ 1042032ms] [LOG] APS: 60 | FPS: 60 @ webpack-internal:///(app-pages-browser)/./src/engine/core/MainLoop/mainLoop.ts:36
[ 1043030ms] [LOG] APS: 60 | FPS: 60 @ webpack-internal:///(app-pages-browser)/./src/engine/core/MainLoop/mainLoop.ts:36
[ 1043031ms] [LOG] APS: 60 | FPS: 60 @ webpack-internal:///(app-pages-browser)/./src/engine/core/MainLoop/mainLoop.ts:36
[ 1044030ms] [LOG] APS: 60 | FPS: 60 @ webpack-internal:///(app-pages-browser)/./src/engine/core/MainLoop/mainLoop.ts:36
[ 1044031ms] [LOG] APS: 60 | FPS: 60 @ webpack-internal:///(app-pages-browser)/./src/engine/core/MainLoop/mainLoop.ts:36
[ 1045030ms] [LOG] APS: 60 | FPS: 60 @ webpack-internal:///(app-pages-browser)/./src/engine/core/MainLoop/mainLoop.ts:36
[ 1045031ms] [LOG] APS: 60 | FPS: 60 @ webpack-internal:///(app-pages-browser)/./src/engine/core/MainLoop/mainLoop.ts:36
[ 1046031ms] [LOG] APS: 60 | FPS: 60 @ webpack-internal:///(app-pages-browser)/./src/engine/core/MainLoop/mainLoop.ts:36
[ 1046032ms] [LOG] APS: 60 | FPS: 60 @ webpack-internal:///(app-pages-browser)/./src/engine/core/MainLoop/mainLoop.ts:36
[ 1047031ms] [LOG] APS: 60 | FPS: 60 @ webpack-internal:///(app-pages-browser)/./src/engine/core/MainLoop/mainLoop.ts:36
[ 1047032ms] [LOG] APS: 60 | FPS: 60 @ webpack-internal:///(app-pages-browser)/./src/engine/core/MainLoop/mainLoop.ts:36
[ 1048031ms] [LOG] APS: 60 | FPS: 60 @ webpack-internal:///(app-pages-browser)/./src/engine/core/MainLoop/mainLoop.ts:36
[ 1048032ms] [LOG] APS: 60 | FPS: 60 @ webpack-internal:///(app-pages-browser)/./src/engine/core/MainLoop/mainLoop.ts:36
[ 1049031ms] [LOG] APS: 60 | FPS: 60 @ webpack-internal:///(app-pages-browser)/./src/engine/core/MainLoop/mainLoop.ts:36
[ 1049032ms] [LOG] APS: 60 | FPS: 60 @ webpack-internal:///(app-pages-browser)/./src/engine/core/MainLoop/mainLoop.ts:36
[ 1050031ms] [LOG] APS: 60 | FPS: 60 @ webpack-internal:///(app-pages-browser)/./src/engine/core/MainLoop/mainLoop.ts:36
[ 1050032ms] [LOG] APS: 60 | FPS: 60 @ webpack-internal:///(app-pages-browser)/./src/engine/core/MainLoop/mainLoop.ts:36
[ 1051031ms] [LOG] APS: 60 | FPS: 60 @ webpack-internal:///(app-pages-browser)/./src/engine/core/MainLoop/mainLoop.ts:36
[ 1051032ms] [LOG] APS: 60 | FPS: 60 @ webpack-internal:///(app-pages-browser)/./src/engine/core/MainLoop/mainLoop.ts:36
[ 1052031ms] [LOG] APS: 60 | FPS: 60 @ webpack-internal:///(app-pages-browser)/./src/engine/core/MainLoop/mainLoop.ts:36
[ 1052032ms] [LOG] APS: 60 | FPS: 60 @ webpack-internal:///(app-pages-browser)/./src/engine/core/MainLoop/mainLoop.ts:36
[ 1053030ms] [LOG] APS: 60 | FPS: 60 @ webpack-internal:///(app-pages-browser)/./src/engine/core/MainLoop/mainLoop.ts:36
[ 1053031ms] [LOG] APS: 60 | FPS: 60 @ webpack-internal:///(app-pages-browser)/./src/engine/core/MainLoop/mainLoop.ts:36
[ 1054031ms] [LOG] APS: 60 | FPS: 60 @ webpack-internal:///(app-pages-browser)/./src/engine/core/MainLoop/mainLoop.ts:36
[ 1054032ms] [LOG] APS: 60 | FPS: 60 @ webpack-internal:///(app-pages-browser)/./src/engine/core/MainLoop/mainLoop.ts:36
[ 1055031ms] [LOG] APS: 60 | FPS: 60 @ webpack-internal:///(app-pages-browser)/./src/engine/core/MainLoop/mainLoop.ts:36
[ 1055032ms] [LOG] APS: 60 | FPS: 60 @ webpack-internal:///(app-pages-browser)/./src/engine/core/MainLoop/mainLoop.ts:36
[ 1056031ms] [LOG] APS: 60 | FPS: 60 @ webpack-internal:///(app-pages-browser)/./src/engine/core/MainLoop/mainLoop.ts:36
[ 1056032ms] [LOG] APS: 60 | FPS: 60 @ webpack-internal:///(app-pages-browser)/./src/engine/core/MainLoop/mainLoop.ts:36
[ 1057030ms] [LOG] APS: 60 | FPS: 60 @ webpack-internal:///(app-pages-browser)/./src/engine/core/MainLoop/mainLoop.ts:36
[ 1057031ms] [LOG] APS: 60 | FPS: 60 @ webpack-internal:///(app-pages-browser)/./src/engine/core/MainLoop/mainLoop.ts:36
[ 1058030ms] [LOG] APS: 60 | FPS: 60 @ webpack-internal:///(app-pages-browser)/./src/engine/core/MainLoop/mainLoop.ts:36
[ 1058031ms] [LOG] APS: 60 | FPS: 60 @ webpack-internal:///(app-pages-browser)/./src/engine/core/MainLoop/mainLoop.ts:36
[ 1059030ms] [LOG] APS: 60 | FPS: 60 @ webpack-internal:///(app-pages-browser)/./src/engine/core/MainLoop/mainLoop.ts:36
[ 1059765ms] [LOG] APS: 62 | FPS: 62 @ webpack-internal:///(app-pages-browser)/./src/engine/core/MainLoop/mainLoop.ts:36
[ 1060030ms] [LOG] APS: 60 | FPS: 60 @ webpack-internal:///(app-pages-browser)/./src/engine/core/MainLoop/mainLoop.ts:36
[ 1060765ms] [LOG] APS: 60 | FPS: 60 @ webpack-internal:///(app-pages-browser)/./src/engine/core/MainLoop/mainLoop.ts:36
[ 1061030ms] [LOG] APS: 60 | FPS: 60 @ webpack-internal:///(app-pages-browser)/./src/engine/core/MainLoop/mainLoop.ts:36
[ 1061765ms] [LOG] APS: 60 | FPS: 60 @ webpack-internal:///(app-pages-browser)/./src/engine/core/MainLoop/mainLoop.ts:36
[ 1062030ms] [LOG] APS: 60 | FPS: 60 @ webpack-internal:///(app-pages-browser)/./src/engine/core/MainLoop/mainLoop.ts:36
[ 1062764ms] [LOG] APS: 60 | FPS: 60 @ webpack-internal:///(app-pages-browser)/./src/engine/core/MainLoop/mainLoop.ts:36
[ 1063030ms] [LOG] APS: 60 | FPS: 60 @ webpack-internal:///(app-pages-browser)/./src/engine/core/MainLoop/mainLoop.ts:36
[ 1063764ms] [LOG] APS: 60 | FPS: 60 @ webpack-internal:///(app-pages-browser)/./src/engine/core/MainLoop/mainLoop.ts:36
[ 1064030ms] [LOG] APS: 60 | FPS: 60 @ webpack-internal:///(app-pages-browser)/./src/engine/core/MainLoop/mainLoop.ts:36
[ 1064765ms] [LOG] APS: 60 | FPS: 60 @ webpack-internal:///(app-pages-browser)/./src/engine/core/MainLoop/mainLoop.ts:36
[ 1065030ms] [LOG] APS: 60 | FPS: 60 @ webpack-internal:///(app-pages-browser)/./src/engine/core/MainLoop/mainLoop.ts:36
[ 1065764ms] [LOG] APS: 60 | FPS: 60 @ webpack-internal:///(app-pages-browser)/./src/engine/core/MainLoop/mainLoop.ts:36
[ 1066029ms] [LOG] APS: 60 | FPS: 60 @ webpack-internal:///(app-pages-browser)/./src/engine/core/MainLoop/mainLoop.ts:36
[ 1066764ms] [LOG] APS: 60 | FPS: 60 @ webpack-internal:///(app-pages-browser)/./src/engine/core/MainLoop/mainLoop.ts:36
[ 1067029ms] [LOG] APS: 60 | FPS: 60 @ webpack-internal:///(app-pages-browser)/./src/engine/core/MainLoop/mainLoop.ts:36
[ 1067764ms] [LOG] APS: 60 | FPS: 60 @ webpack-internal:///(app-pages-browser)/./src/engine/core/MainLoop/mainLoop.ts:36
[ 1068030ms] [LOG] APS: 60 | FPS: 60 @ webpack-internal:///(app-pages-browser)/./src/engine/core/MainLoop/mainLoop.ts:36
[ 1068764ms] [LOG] APS: 60 | FPS: 60 @ webpack-internal:///(app-pages-browser)/./src/engine/core/MainLoop/mainLoop.ts:36
[ 1069030ms] [LOG] APS: 60 | FPS: 60 @ webpack-internal:///(app-pages-browser)/./src/engine/core/MainLoop/mainLoop.ts:36
[ 1069764ms] [LOG] APS: 60 | FPS: 60 @ webpack-internal:///(app-pages-browser)/./src/engine/core/MainLoop/mainLoop.ts:36
[ 1070030ms] [LOG] APS: 60 | FPS: 60 @ webpack-internal:///(app-pages-browser)/./src/engine/core/MainLoop/mainLoop.ts:36
[ 1070764ms] [LOG] APS: 60 | FPS: 60 @ webpack-internal:///(app-pages-browser)/./src/engine/core/MainLoop/mainLoop.ts:36
[ 1071030ms] [LOG] APS: 60 | FPS: 60 @ webpack-internal:///(app-pages-browser)/./src/engine/core/MainLoop/mainLoop.ts:36
[ 1071763ms] [LOG] APS: 60 | FPS: 60 @ webpack-internal:///(app-pages-browser)/./src/engine/core/MainLoop/mainLoop.ts:36
[ 1072030ms] [LOG] APS: 60 | FPS: 60 @ webpack-internal:///(app-pages-browser)/./src/engine/core/MainLoop/mainLoop.ts:36
[ 1072764ms] [LOG] APS: 60 | FPS: 60 @ webpack-internal:///(app-pages-browser)/./src/engine/core/MainLoop/mainLoop.ts:36
[ 1073030ms] [LOG] APS: 60 | FPS: 60 @ webpack-internal:///(app-pages-browser)/./src/engine/core/MainLoop/mainLoop.ts:36
[ 1073764ms] [LOG] APS: 60 | FPS: 60 @ webpack-internal:///(app-pages-browser)/./src/engine/core/MainLoop/mainLoop.ts:36
[ 1074030ms] [LOG] APS: 60 | FPS: 60 @ webpack-internal:///(app-pages-browser)/./src/engine/core/MainLoop/mainLoop.ts:36
[ 1074764ms] [LOG] APS: 60 | FPS: 60 @ webpack-internal:///(app-pages-browser)/./src/engine/core/MainLoop/mainLoop.ts:36
[ 1075030ms] [LOG] APS: 60 | FPS: 60 @ webpack-internal:///(app-pages-browser)/./src/engine/core/MainLoop/mainLoop.ts:36
[ 1075764ms] [LOG] APS: 60 | FPS: 60 @ webpack-internal:///(app-pages-browser)/./src/engine/core/MainLoop/mainLoop.ts:36
[ 1076030ms] [LOG] APS: 60 | FPS: 60 @ webpack-internal:///(app-pages-browser)/./src/engine/core/MainLoop/mainLoop.ts:36
[ 1076763ms] [LOG] APS: 60 | FPS: 60 @ webpack-internal:///(app-pages-browser)/./src/engine/core/MainLoop/mainLoop.ts:36
[ 1077030ms] [LOG] APS: 60 | FPS: 60 @ webpack-internal:///(app-pages-browser)/./src/engine/core/MainLoop/mainLoop.ts:36
[ 1077764ms] [LOG] APS: 60 | FPS: 60 @ webpack-internal:///(app-pages-browser)/./src/engine/core/MainLoop/mainLoop.ts:36
[ 1078030ms] [LOG] APS: 60 | FPS: 60 @ webpack-internal:///(app-pages-browser)/./src/engine/core/MainLoop/mainLoop.ts:36
[ 1078764ms] [LOG] APS: 60 | FPS: 60 @ webpack-internal:///(app-pages-browser)/./src/engine/core/MainLoop/mainLoop.ts:36
[ 1079030ms] [LOG] APS: 60 | FPS: 60 @ webpack-internal:///(app-pages-browser)/./src/engine/core/MainLoop/mainLoop.ts:36
[ 1079763ms] [LOG] APS: 60 | FPS: 60 @ webpack-internal:///(app-pages-browser)/./src/engine/core/MainLoop/mainLoop.ts:36
[ 1080029ms] [LOG] APS: 60 | FPS: 60 @ webpack-internal:///(app-pages-browser)/./src/engine/core/MainLoop/mainLoop.ts:36
[ 1080763ms] [LOG] APS: 60 | FPS: 60 @ webpack-internal:///(app-pages-browser)/./src/engine/core/MainLoop/mainLoop.ts:36
[ 1081029ms] [LOG] APS: 60 | FPS: 60 @ webpack-internal:///(app-pages-browser)/./src/engine/core/MainLoop/mainLoop.ts:36
[ 1081764ms] [LOG] APS: 60 | FPS: 60 @ webpack-internal:///(app-pages-browser)/./src/engine/core/MainLoop/mainLoop.ts:36
[ 1082029ms] [LOG] APS: 60 | FPS: 60 @ webpack-internal:///(app-pages-browser)/./src/engine/core/MainLoop/mainLoop.ts:36
[ 1082764ms] [LOG] APS: 60 | FPS: 60 @ webpack-internal:///(app-pages-browser)/./src/engine/core/MainLoop/mainLoop.ts:36
[ 1083029ms] [LOG] APS: 60 | FPS: 60 @ webpack-internal:///(app-pages-browser)/./src/engine/core/MainLoop/mainLoop.ts:36
[ 1083764ms] [LOG] APS: 60 | FPS: 60 @ webpack-internal:///(app-pages-browser)/./src/engine/core/MainLoop/mainLoop.ts:36
[ 1084029ms] [LOG] APS: 60 | FPS: 60 @ webpack-internal:///(app-pages-browser)/./src/engine/core/MainLoop/mainLoop.ts:36
[ 1084764ms] [LOG] APS: 60 | FPS: 60 @ webpack-internal:///(app-pages-browser)/./src/engine/core/MainLoop/mainLoop.ts:36
[ 1085029ms] [LOG] APS: 60 | FPS: 60 @ webpack-internal:///(app-pages-browser)/./src/engine/core/MainLoop/mainLoop.ts:36
[ 1085764ms] [LOG] APS: 60 | FPS: 60 @ webpack-internal:///(app-pages-browser)/./src/engine/core/MainLoop/mainLoop.ts:36
[ 1086029ms] [LOG] APS: 60 | FPS: 60 @ webpack-internal:///(app-pages-browser)/./src/engine/core/MainLoop/mainLoop.ts:36
[ 1086764ms] [LOG] APS: 60 | FPS: 60 @ webpack-internal:///(app-pages-browser)/./src/engine/core/MainLoop/mainLoop.ts:36
[ 1087029ms] [LOG] APS: 60 | FPS: 60 @ webpack-internal:///(app-pages-browser)/./src/engine/core/MainLoop/mainLoop.ts:36
[ 1087764ms] [LOG] APS: 60 | FPS: 60 @ webpack-internal:///(app-pages-browser)/./src/engine/core/MainLoop/mainLoop.ts:36
[ 1088029ms] [LOG] APS: 60 | FPS: 60 @ webpack-internal:///(app-pages-browser)/./src/engine/core/MainLoop/mainLoop.ts:36
[ 1088763ms] [LOG] APS: 60 | FPS: 60 @ webpack-internal:///(app-pages-browser)/./src/engine/core/MainLoop/mainLoop.ts:36
[ 1089029ms] [LOG] APS: 60 | FPS: 60 @ webpack-internal:///(app-pages-browser)/./src/engine/core/MainLoop/mainLoop.ts:36
